particles,area,area_convex,axis_major_length,axis_minor_length,bbox-0,bbox-1,bbox-2,bbox-3,centroid-0,centroid-1,ECD,orientation,perimeter,largest_dimension,smallest_dim_area,Aspect Ratio,area_ratio,intermetallic,orientation_deg
0,87.76859504132231,137.54752066115702,34.36480312883625,4.18093686130406,0.0,2788.0,719.0,3096.0,303.5983286252354,2958.18027306968,10.571208350631354,-0.3936487039092716,84.69401149063793,34.66406074651405,2.5319767260720787,8.219402557090435,0.638096525618494,2.0,67.44559065520374
1,0.012396694214876033,0.014462809917355372,0.24508729100582138,0.06489510748641938,15.0,11318.0,20.0,11320.0,16.833333333333332,11318.166666666666,0.12563423617139471,-0.08257433870731343,0.2461006164715043,0.18181818181818182,0.06818181818181818,3.776668234305812,0.8571428571428571,2.0,85.26883889598719
2,0.012396694214876033,0.012396694214876033,0.1484539238050411,0.09090909090909091,32.0,11319.0,34.0,11322.0,32.5,11320.0,0.12563423617139471,1.5707963267948966,0.2727272727272727,0.10163945352271772,0.12196734422726126,1.632993161855452,1.0,2.0,0.0
3,4.582644628099174,6.919421487603306,12.45489501747589,0.5709324053234874,86.0,11759.0,273.0,11905.0,175.38954012623987,11828.205139765554,2.415533969946196,0.6538708364490938,25.136506275526344,10.60923112784178,0.43194879750267207,21.815008048840753,0.6622872499253508,2.0,52.53596072477801
4,0.06611570247933884,0.07644628099173553,0.4175633029084469,0.21061482617882665,276.0,11959.0,285.0,11964.0,280.125,11960.84375,0.29013984029195106,0.10101111266105563,0.959390987172646,0.37482778414706003,0.17638954548096944,1.9825921587965825,0.8648648648648649,2.0,84.21248956060104
5,2.231404958677686,3.006198347107438,5.588583721868859,0.6100146041755959,285.0,11915.0,376.0,11986.0,333.98703703703706,11954.977777777778,1.6855601542830092,0.6959513131216543,11.50544732032475,5.046273479812391,0.4421886700362987,9.16139332339682,0.7422680412371135,2.0,50.12492701154158
6,0.2975206611570248,0.33884297520661155,0.8206505954901498,0.4932267238724668,328.0,11178.0,346.0,11190.0,335.65972222222223,11183.993055555555,0.6154795456884614,0.20452124036113364,2.274619570924664,0.8054565975758795,0.3693813695889384,1.6638404931650557,0.878048780487805,2.0,78.28179610652637
7,1.322314049586777,1.415289256198347,1.6122399285647915,1.0727885644487722,387.0,1024.0,423.0,1052.0,405.1234375,1037.6453125,1.29754481174747,0.49319593116764254,4.635579820786223,1.7134615295427968,0.7717208859306052,1.502849659283238,0.9343065693430658,2.0,61.74195467106942
8,0.2871900826446281,0.5867768595041323,2.410302105400498,0.2656048899360026,561.0,12089.0,597.0,12120.0,578.4964028776978,12103.273381294965,0.6046997354711675,0.6943669459178099,4.196631900354751,2.037357711910452,0.14096203183452105,9.074765551120912,0.4894366197183098,1.0,50.21570456552081
9,0.11776859504132231,0.13429752066115702,0.5033909576797889,0.3155321949374661,598.0,12118.0,610.0,12125.0,603.9298245614035,12121.140350877193,0.3872307223536286,0.18742842924027106,1.4343795084592748,0.5081972676135886,0.23173795403179634,1.5953711404300714,0.8769230769230769,2.0,79.26114204376609
10,0.25,0.32644628099173556,1.1169882999686183,0.31335604046987114,612.0,12120.0,633.0,12132.0,622.1570247933885,12126.528925619834,0.5641895835477563,0.29030863811051694,2.4908631760556057,1.0163945352271773,0.24596747752497683,3.564597951562435,0.7658227848101266,2.0,73.3665402800766
11,0.09710743801652892,0.1322314049586777,0.5321873833912024,0.30466210788757403,715.0,8426.0,727.0,8434.0,719.2978723404256,8429.936170212766,0.3516262649043204,0.39892374898411664,1.4061376746611094,0.5081972676135886,0.19108217262270927,1.7468118601332248,0.734375,2.0,67.14335283567385
12,0.48140495867768596,0.5227272727272727,1.0302761071276914,0.6022790265190309,716.0,12138.0,738.0,12154.0,725.824034334764,12145.776824034334,0.7829072936306232,0.4683897152298141,2.7401941476119047,1.0385145144359875,0.4635514978229599,1.7106292295820742,0.9209486166007905,2.0,63.16324614999715
13,0.7644628099173554,0.8202479338842975,1.1532250241801014,0.8675565522187576,864.0,12169.0,891.0,12189.0,876.5324324324324,12177.559459459459,0.9865821202850459,0.14726252767524872,3.371989372003344,1.2128785512842122,0.6302880112010653,1.3292793665505178,0.9319899244332494,2.0,81.56247868377977
14,0.29958677685950413,0.33884297520661155,0.7571528165677818,0.5303557790047869,941.0,12196.0,959.0,12210.0,948.2413793103449,12201.558620689655,0.6176129300599768,-0.37290269854200525,2.2635904487828786,0.8054565975758795,0.37194651798886164,1.4276318775833454,0.8841463414634146,2.0,68.63424920450386
15,0.14049586776859505,0.18801652892561985,0.6945319187143099,0.356321645097431,992.0,8535.0,1007.0,8543.0,997.9705882352941,8539.088235294117,0.4229478628801162,0.11899616018602528,2.2275498479277216,0.6508100483307433,0.21587845505605147,1.9491712846251599,0.7472527472527473,2.0,83.18202224307807
16,0.2892561983471074,0.3450413223140496,0.9876546471188937,0.3927122345148243,1012.0,2954.0,1031.0,2969.0,1020.6642857142857,2961.0071428571428,0.6068710161931405,0.7082905915367359,2.5161517754239715,0.9588646868058631,0.30166529472544,2.5149576720956763,0.8383233532934131,2.0,49.41793843612053
17,21.425619834710744,47.77479338842975,15.48340787954341,4.07908867241856,1032.0,7641.0,1355.0,7841.0,1131.5746383799421,7732.08862102218,5.223020815966157,0.5121717215270991,47.4784090619217,15.747556546654552,1.3605678932623013,3.795800759183555,0.44847121913246557,1.0,60.65472197054753
18,0.026859504132231406,0.030991735537190084,0.3415223955280042,0.1025087071611467,1076.0,11839.0,1083.0,11842.0,1078.4615384615386,11840.307692307691,0.18492858841491905,0.2540863089176651,0.4827872883436201,0.2874797872880345,0.09343093086861119,3.331642793925017,0.8666666666666667,2.0,75.44192686696054
19,0.9359504132231405,1.427685950413223,2.9542870736819324,0.49801212575760495,1121.0,12220.0,1183.0,12241.0,1153.626931567329,12231.35761589404,1.091645124583497,0.2357876701766565,7.316059945717002,2.8448154960579726,0.3290021495313408,5.932158919198402,0.6555716353111434,2.0,76.49036163765491
20,0.16942148760330578,0.1962809917355372,0.7809798455972636,0.2941885437508146,1133.0,10621.0,1150.0,10628.0,1140.9268292682927,10624.219512195123,0.4644503609045719,0.06435394972881832,1.9798340539138202,0.7399463907318048,0.2289645435472,2.6546915649399794,0.863157894736842,2.0,86.31279028554164
21,14.74586776859504,23.632231404958677,10.526332358531858,2.506254226442875,1138.0,2278.0,1271.0,2459.0,1212.1459997197703,2375.657699313437,4.33301534320049,-0.9615925756613859,26.74407383678183,9.18856637708602,1.604806143139754,4.200025778498886,0.6239727225039342,2.0,34.9048038034883
22,1.4235537190082646,1.537190082644628,2.0120713689658913,0.919257294498114,1225.0,12248.0,1267.0,12271.0,1246.545718432511,12258.258345428158,1.3463004453301388,0.20001477327018222,5.121320343559642,1.969289002039497,0.7228769964865284,2.188801090846301,0.9260752688172044,2.0,78.5399976513525
23,36.921487603305785,358.5413223140496,51.69712676806625,12.166791798201318,1320.0,5136.0,1888.0,6000.0,1449.7671516508115,5567.714829322887,6.856376453125805,1.0681802279226738,114.92710375166554,45.75114594599682,0.8070068375311674,4.249035212035839,0.10297693823688729,1.0,28.797781180708462
24,0.6033057851239669,0.6425619834710744,1.0732135172241382,0.7239328546861065,1335.0,2177.0,1358.0,2194.0,1346.5719178082193,2185.3390410958905,0.8764432572547579,0.2251074223869318,2.986294764083409,1.098458724872234,0.5492293624361169,1.4824766002497263,0.9389067524115755,2.0,77.10229476016006
25,0.02066115702479339,0.024793388429752067,0.325999573872868,0.08816952201054493,1349.0,10862.0,1355.0,10864.0,1351.3,10862.4,0.16219310146843374,-0.040316437972586903,0.4639593991448431,0.23177361425421747,0.08914369779008366,3.697417956217104,0.8333333333333334,2.0,87.6900382591698
26,0.010330578512396695,0.010330578512396695,0.14083575804390605,0.08131156281817417,1355.0,10859.0,1358.0,10861.0,1356.2,10859.4,0.11468784191000729,0.3217505543966422,0.2366866718721158,0.10163945352271772,0.10163945352271771,1.732050807568877,1.0,2.0,71.56505117707799
27,0.012396694214876033,0.01859504132231405,0.1746335598104072,0.1313520055284894,1369.0,4821.0,1373.0,4824.0,1370.3333333333333,4822.333333333333,0.12563423617139471,-0.29400130177378386,0.20064607101695886,0.14373989364401726,0.08624393618641034,1.329508134327879,0.6666666666666666,2.0,73.1549662370101
28,2.3595041322314048,3.5702479338842976,7.639884296907817,0.4741195114367736,1376.0,1878.0,1438.0,2023.0,1404.6795096322242,1949.6138353765325,1.7332668482155449,-1.202226720688177,18.30992390258998,7.056443043754556,0.3343758487953404,16.11383651720192,0.6608796296296295,2.0,21.117482886714214
29,88.40702479338843,293.4152892561983,34.384768149326256,11.425758573093061,1377.0,1470.0,1856.0,2181.0,1559.49124775059,1968.0553179555493,10.609586231296872,-1.1933723913181615,164.65239724563617,37.58101441723067,2.352438489602195,3.009407903147911,0.3013034018012436,1.0,21.624798590034814
30,1.7272727272727273,2.3636363636363638,4.580158152985323,0.5903529826818503,1385.0,10862.0,1478.0,10883.0,1436.5598086124403,10868.76913875598,1.4829807621497288,0.10549743387390342,11.936826047966655,4.197598683860071,0.4114906777329995,7.758338294792076,0.7307692307692307,2.0,83.95544228956484
31,0.09090909090909091,0.13429752066115702,0.5095322940622704,0.27066681384349894,1392.0,10890.0,1404.0,10898.0,1396.7954545454545,10893.954545454546,0.34021911986450504,0.4154151342255069,1.2509461490986957,0.549229362436117,0.1655211777204736,1.8825074519733507,0.676923076923077,2.0,66.19846606301786
32,62.799586776859506,104.85537190082644,18.298724240140356,6.825707168292851,1396.0,977.0,1753.0,1311.0,1604.5303503865766,1141.0702089159402,8.941975021063577,0.7963786332705489,56.434664786784694,20.071617640607442,3.1287755626536016,2.680853981715271,0.5989162561576356,2.0,44.37086541920078
33,0.0371900826446281,0.045454545454545456,0.3042153107545994,0.16348268476646163,1404.0,12024.0,1410.0,12029.0,1406.5555555555557,12026.166666666666,0.21760488021896326,0.41956671548695446,0.6490079360478191,0.26504326794751365,0.14031702420750725,1.86084117219617,0.8181818181818182,2.0,65.96059797843131
34,0.010330578512396695,0.014462809917355372,0.14545454545454548,0.1149919149152138,1405.0,10894.0,1408.0,10897.0,1406.0,10895.4,0.11468784191000729,1.5707963267948966,0.20064607101695886,0.10163945352271772,0.10163945352271771,1.264911064067352,0.7142857142857143,2.0,0.0
35,0.10950413223140495,0.13429752066115702,0.7701672615226425,0.19394077245636404,1414.0,12024.0,1429.0,12033.0,1421.2830188679245,12027.905660377359,0.37339656060137066,0.4831416475402725,1.5989849786210768,0.711476174659024,0.15391117247725825,3.9711467154021327,0.8153846153846154,2.0,62.31802268894521
36,0.024793388429752067,0.030991735537190084,0.26417569354791964,0.13886593015017698,1416.0,10897.0,1422.0,10901.0,1418.8333333333333,10898.333333333334,0.1776736406919709,-0.46364760900080604,0.46557457668724017,0.2447802185061138,0.10128836627839193,1.9023794624226837,0.8,2.0,63.43494882292201
37,0.30165289256198347,0.5041322314049587,1.8256752516778172,0.2924762720027688,1416.0,10911.0,1455.0,10921.0,1436.0753424657535,10915.671232876712,0.619738970530065,0.09402282806167468,4.014536597881574,1.7368157431402544,0.17368157431402548,6.242131162217952,0.5983606557377049,2.0,84.61288877418184
38,0.08884297520661157,0.10537190082644628,0.5462747971782433,0.21414363980071444,1419.0,7861.0,1431.0,7867.0,1424.7906976744187,7863.46511627907,0.33633077365145087,0.27976489248116504,1.2227043153005304,0.5182615568632445,0.17142497650091934,2.5509737187927484,0.8431372549019608,2.0,73.97065240489799
39,0.03305785123966942,0.03925619834710744,0.4286356774021199,0.10427717288696764,1427.0,10893.0,1435.0,10898.0,1429.875,10895.1875,0.20515984856282046,0.5271686908830704,0.4827872883436201,0.36646626128629767,0.09020707970124253,4.110541794863811,0.8421052631578947,2.0,59.79545892096335
40,0.030991735537190084,0.045454545454545456,0.3912936113879347,0.1381447925180089,1431.0,10921.0,1437.0,10928.0,1433.8,10923.466666666667,0.19864516919855985,0.7963613184468485,0.6019382130508766,0.32777738867854445,0.09455116981111861,2.8324890446878386,0.6818181818181818,2.0,44.37185748552183
41,0.010330578512396695,0.010330578512396695,0.14083575804390605,0.08131156281817417,1440.0,1869.0,1443.0,1871.0,1441.2,1869.6,0.11468784191000729,-0.3217505543966422,0.2366866718721158,0.10163945352271772,0.10163945352271771,1.732050807568877,1.0,2.0,71.56505117707799
42,0.010330578512396695,0.010330578512396695,0.14083575804390605,0.08131156281817417,1443.0,1861.0,1446.0,1863.0,1444.2,1861.6,0.11468784191000729,-0.3217505543966422,0.2366866718721158,0.10163945352271772,0.10163945352271771,1.732050807568877,1.0,2.0,71.56505117707799
43,0.10330578512396695,0.15495867768595042,1.1623098324234207,0.1304201179682342,1445.0,1837.0,1454.0,1860.0,1449.22,1848.52,0.3626748003649388,-1.2773091438681023,1.9986619431125974,1.0493996709650177,0.09844274586913863,8.912044019976419,0.6666666666666666,2.0,16.815576922889264
44,0.047520661157024795,0.0743801652892562,0.7581937092151605,0.08837625026156769,1456.0,1805.0,1462.0,1819.0,1458.9565217391305,1811.2608695652175,0.24597801726390953,-1.2572894482403556,1.0642824346533226,0.6331085580538236,0.07505926203730899,8.579156809336562,0.6388888888888888,2.0,17.96262098949566
45,0.09504132231404959,0.12396694214876033,0.8601629597908281,0.15485804662357713,1457.0,10419.0,1474.0,10425.0,1465.0652173913043,10421.326086956522,0.34786544806026415,0.2276467433162284,1.631795224391439,0.7619570279200096,0.12473317894775957,5.554525441494677,0.7666666666666667,2.0,76.95680238808214
46,0.028925619834710745,0.03305785123966942,0.3053687094162301,0.12191233679858247,1459.0,10903.0,1466.0,10906.0,1462.0714285714287,10904.285714285714,0.1919094657111251,-0.13057839612247069,0.5376557783975541,0.2764892059226463,0.10461753737613648,2.504822050296232,0.875,2.0,82.518409006595
47,0.012396694214876033,0.012396694214876033,0.1484539238050411,0.09090909090909091,1460.0,10899.0,1463.0,10901.0,1461.0,10899.5,0.12563423617139471,0.0,0.2727272727272727,0.10163945352271772,0.12196734422726126,1.632993161855452,1.0,2.0,90.0
48,0.05991735537190083,0.07024793388429752,0.3770899161529179,0.21339446881787952,1463.0,10827.0,1471.0,10833.0,1466.1724137931035,10829.655172413793,0.27620489907938633,0.28283438626697466,0.904522497118712,0.3309140858763872,0.1810661979323628,1.767102578814934,0.8529411764705882,2.0,73.79478336572946
49,0.026859504132231406,0.03512396694214876,0.35434787054558226,0.10286478183921148,1466.0,1788.0,1469.0,1796.0,1466.7692307692307,1791.4615384615386,0.18492858841491905,-1.351146676070191,0.42791879828968615,0.32141217326661253,0.08356716504931926,3.444792903945156,0.7647058823529411,2.0,12.584997958048277
50,0.18181818181818182,0.21694214876033058,0.9261382050149536,0.27581784517795876,1467.0,10718.0,1481.0,10733.0,1473.965909090909,10723.96590909091,0.4811424934910207,0.8412629263863867,2.1837104800155736,0.8381404052084442,0.2169304578186562,3.3577892845091495,0.8380952380952381,2.0,41.79918485723518
51,0.49793388429752067,0.6136363636363636,1.16562930031822,0.6535693291233629,1469.0,10921.0,1495.0,10938.0,1480.0414937759335,10930.290456431536,0.7962343324368689,0.3047989636488273,3.785925813721444,1.1588680712710875,0.4296726233482032,1.7834822541040702,0.8114478114478114,2.0,72.5363057829608
52,0.030991735537190084,0.0371900826446281,0.2555763517125565,0.16944600836032755,1474.0,10899.0,1479.0,10904.0,1476.1333333333334,10901.066666666668,0.19864516919855985,-1.155385605385384,0.5298570113405627,0.22727272727272727,0.13636363636363638,1.5083055315712863,0.8333333333333334,2.0,23.8012811012499
53,0.08884297520661157,0.12396694214876033,0.9144969894836003,0.14693637700941925,1475.0,1759.0,1484.0,1776.0,1479.0,1766.046511627907,0.33633077365145087,-1.1239133227232838,1.5425013110247454,0.7938295089351354,0.11191694716134698,6.223761658591712,0.7166666666666666,2.0,25.604510069431
54,3.62396694214876,5.919421487603306,3.450793947489826,2.002775970694687,1477.0,10868.0,1566.0,10923.0,1509.1510832383124,10889.111744583808,2.1480637838660113,-0.024357392515844446,15.825244316048964,4.0064514089855106,0.9045328576857492,1.7230054674027653,0.6122164048865619,2.0,88.60442420889858
55,0.02066115702479339,0.028925619834710745,0.23734514903677048,0.15384173760300948,1477.0,10906.0,1481.0,10910.0,1478.7,10907.3,0.16219310146843374,0.3136540961378813,0.4012921420339177,0.1928473039599675,0.10713739108887085,1.5427877553570188,0.7142857142857143,2.0,72.02894406430883
56,0.0371900826446281,0.049586776859504134,0.33428978392591685,0.16620431304779992,1485.0,1749.0,1490.0,1756.0,1486.2777777777778,1751.611111111111,0.21760488021896326,-1.1823853046299362,0.6113521576502651,0.30491836056815314,0.12196734422726126,2.0113183454497716,0.75,2.0,22.254312286414503
57,0.02066115702479339,0.028925619834710745,0.273576732484154,0.13798575638070323,1485.0,10909.0,1488.0,10914.0,1486.0,10911.4,0.16219310146843374,-1.4511805268130662,0.43733274288907464,0.20327890704543544,0.10163945352271771,1.982644728412074,0.7142857142857143,2.0,6.853480502039915
58,0.04132231404958678,0.045454545454545456,0.37081653925963143,0.15189998883543226,1490.0,1735.0,1495.0,1743.0,1492.45,1738.7,0.22937568382001458,-1.1609858906516517,0.7869867499538526,0.3309140858763872,0.12487323995335366,2.441188719647454,0.9090909090909091,2.0,23.480408391423467
59,0.0743801652892562,0.09917355371900827,0.6499493849781427,0.17450861706446508,1501.0,1694.0,1507.0,1707.0,1503.1944444444443,1699.111111111111,0.3077397728442307,-1.2498722071706674,1.2509461490986957,0.574959574576069,0.1293659042796155,3.7244543903413403,0.75,2.0,18.387597598419887
60,1.3698347107438016,1.921487603305785,3.3432113864158755,0.6803248638858332,1505.0,1627.0,1544.0,1692.0,1520.4947209653092,1654.3242835595777,1.320654278556603,-1.1549930932660437,8.515367959846557,3.2941219876351706,0.4158421321024596,4.914139646933302,0.7129032258064516,2.0,23.823770389095827
61,0.08677685950413223,0.10950413223140495,0.502289207080066,0.2560091316355862,1507.0,10928.0,1519.0,10935.0,1511.3809523809523,10930.619047619048,0.332396945065066,0.2133303562036671,1.2791879828968613,0.5182615568632445,0.16743834914043287,1.961997229829461,0.7924528301886793,2.0,77.77707094750738
62,0.030991735537190084,0.03512396694214876,0.35197117042763276,0.11551237500048307,1508.0,1872.0,1511.0,1880.0,1509.0666666666666,1875.6666666666667,0.19864516919855985,-1.3288668830985537,0.5470697229969427,0.32141217326661253,0.09642365197998375,3.047042972029281,0.8823529411764706,2.0,13.861536063748318
63,0.08884297520661157,0.10743801652892562,0.6059245059243549,0.1988116277260806,1522.0,10919.0,1536.0,10924.0,1529.046511627907,10920.697674418605,0.33633077365145087,0.13444225185142347,1.1866637144453733,0.597861201725723,0.14860133915726062,3.047731729047497,0.8269230769230769,2.0,82.29702638067856
64,0.010330578512396695,0.014462809917355372,0.20915586650631954,0.10858643372279651,1526.0,11003.0,1529.0,11007.0,1527.4,11004.6,0.11468784191000729,-0.9987119099608864,0.16460547016180194,0.14373989364401726,0.07186994682200862,1.9261694056576204,0.7142857142857143,2.0,32.778022609791726
65,0.10330578512396695,0.12396694214876033,0.6023811569338781,0.2374375943116217,1536.0,10742.0,1549.0,10748.0,1542.98,10744.24,0.3626748003649388,0.1859829038847543,1.3136134062096212,0.574959574576069,0.17967486705502153,2.537008339729433,0.8333333333333334,2.0,79.34396454581633
66,10.37603305785124,14.87809917355372,6.674155024582689,2.6653164308862376,1543.0,1460.0,1688.0,1532.0,1604.873755475906,1498.4769016328157,3.634718091783118,-0.15312655427971383,22.75210217810624,6.916413583607052,1.5002042507180327,2.504076044120391,0.6974031384529926,2.0,81.22649470839148
67,7.669421487603306,16.96900826446281,9.290179309738015,2.1154719386339638,1558.0,1310.0,1727.0,1404.0,1624.5727370689656,1365.9119073275863,3.1249017141756807,-0.42147762980423764,23.735443707759853,8.517483235155618,0.9004328245634853,4.391539845117028,0.45196639474004624,1.0,65.85111065303987
68,3.559917355371901,4.241735537190083,2.792869951756849,1.8712940970402117,1576.0,1578.0,1622.0,1649.0,1598.0597794544399,1603.3871154962276,2.128996841906658,1.5206256523460921,8.941671580593846,3.2025299916015517,1.11159532142012,1.4924805011538675,0.8392596200681929,2.0,2.8745679012413348
69,0.012396694214876033,0.012396694214876033,0.1818181818181818,0.07422696190252055,1580.0,12221.0,1584.0,12223.0,1581.5,12221.5,0.12563423617139471,0.3217505543966422,0.29155516192604974,0.14373989364401726,0.08624393618641034,2.449489742783178,1.0,2.0,71.56505117707799
70,0.012396694214876033,0.014462809917355372,0.19833355515623463,0.07522771783632091,1587.0,1769.0,1589.0,1773.0,1587.3333333333333,1770.1666666666667,0.12563423617139471,-1.3450697810186194,0.22727272727272727,0.14373989364401726,0.08624393618641034,2.636442535552722,0.8571428571428571,2.0,12.933178397047257
71,0.01859504132231405,0.024793388429752067,0.3476706353720261,0.07511878310575662,1594.0,1742.0,1596.0,1749.0,1594.7777777777778,1744.888888888889,0.15386988642211535,1.5459939948621693,0.3918781974345292,0.2727272727272727,0.06818181818181819,4.628278321316188,0.75,2.0,1.4210689418278264
72,0.01859504132231405,0.02066115702479339,0.18259957300682875,0.13139435622520107,1601.0,12082.0,1605.0,12085.0,1602.111111111111,12082.888888888889,0.15386988642211535,-0.20911216478961459,0.38246425283514074,0.14373989364401726,0.1293659042796155,1.3897063637487244,0.9,2.0,78.01875551271091
73,0.13016528925619836,0.18181818181818182,0.8889710955553489,0.21145663913276802,1621.0,10548.0,1640.0,10556.0,1630.0,10551.587301587302,0.4071014537346713,0.3024480249391666,1.9155516192604978,0.8381404052084442,0.15530248684744705,4.204034922720906,0.7159090909090909,2.0,72.67100464891828
74,0.05371900826446281,0.06611570247933884,0.36809878380485306,0.2061724999335235,1626.0,12022.0,1634.0,12028.0,1629.8461538461538,12024.23076923077,0.2615285178068905,0.2101800828581759,0.830826117866001,0.3309140858763872,0.16233521193935976,1.7853922512630913,0.8125,2.0,77.95756831451658
75,0.012396694214876033,0.01652892561983471,0.2809005061826977,0.053115535203284776,1643.0,1637.0,1648.0,1640.0,1645.1666666666667,1638.0,0.12563423617139471,-0.5265736087090611,0.2555145610708928,0.20327890704543544,0.06098367211363063,5.288481140359972,0.75,2.0,59.829554617997545
76,0.045454545454545456,0.05165289256198347,0.31809700323509,0.1876488304500185,1646.0,11373.0,1653.0,11378.0,1649.0454545454545,11374.90909090909,0.24057124674551034,0.09372332476730962,0.7493309715562987,0.2874797872880345,0.15811388300841894,1.6951717869609488,0.88,2.0,84.63004904889922
77,0.012396694214876033,0.014462809917355372,0.30821026212188835,0.048409097808907786,1655.0,12025.0,1659.0,12030.0,1656.1666666666667,12026.833333333334,0.12563423617139471,0.9054836673275348,0.26492850567028137,0.22727272727272727,0.05454545454545455,6.366783849980662,0.8571428571428571,2.0,38.11960744410438
78,8.266528925619834,10.483471074380166,9.414019235955625,1.3242304798290374,1656.0,1655.0,1699.0,1858.0,1680.4826293426643,1767.48687828043,3.2442674867828414,-1.4722065374764302,21.177851557543544,9.21057602670982,0.8975040107858253,7.1090488999853,0.7885297595585337,2.0,5.648778831032089
79,0.012396694214876033,0.014462809917355372,0.17407765595569782,0.0857099128710967,1656.0,12107.0,1659.0,12110.0,1657.1666666666667,12108.0,0.12563423617139471,0.9272952180016122,0.28214121732666125,0.128564869306645,0.09642365197998375,2.0310096011589893,0.8571428571428571,2.0,36.86989764584402
80,6.285123966942149,14.688016528925619,8.81829727765308,2.332813849885662,1664.0,1384.0,1832.0,1462.0,1744.2679158448389,1423.309993425378,2.8288634428465227,-0.3146149551438561,24.18057521770592,7.950388524213795,0.7905429964586137,3.780111849938344,0.4279082852721902,1.0,71.97389089855933
81,0.02066115702479339,0.024793388429752067,0.16762808104168886,0.16262312563634831,1666.0,12041.0,1670.0,12045.0,1667.4,12042.3,0.16219310146843374,-0.46364760900080687,0.4201200312326947,0.14373989364401726,0.14373989364401724,1.0307764064044154,0.8333333333333334,2.0,63.43494882292197
82,0.09710743801652892,0.10537190082644628,0.5361341624926299,0.24376356184454115,1670.0,11574.0,1682.0,11580.0,1676.4255319148936,11576.08510638298,0.3516262649043204,0.34547842258468436,1.177249769845985,0.5320318141236193,0.18252186323948982,2.1994023981096342,0.9215686274509803,2.0,70.20554447306044
83,2.0557851239669422,2.4049586776859506,2.423211147000025,1.236866801956229,1683.0,1512.0,1723.0,1562.0,1699.9768844221105,1531.3366834170854,1.6178711059021325,-1.0224215697907568,6.573189684330293,2.423200533683971,0.848375978541714,1.959152871729982,0.8548109965635738,2.0,31.419559167849286
84,0.1384297520661157,0.16115702479338842,0.8624319186693672,0.21503847222227127,1686.0,12108.0,1703.0,12117.0,1693.2985074626865,12112.268656716418,0.4198264337776536,0.364271549523803,1.7447625595841016,0.8131156281817418,0.17024608465055216,4.010593591726821,0.8589743589743591,2.0,69.12877761559534
85,59.138429752066116,174.55165289256198,30.753249056937126,7.8827153891647015,1706.0,1397.0,1944.0,2039.0,1831.7219369038885,1819.5140271809385,8.677406719399123,-1.4960036152309666,136.26600575724353,29.29509309319298,2.0187145186375104,3.9013522039891786,0.3388018891374596,1.0,4.285306710952497
86,4.911157024793388,16.56611570247934,8.552695992821176,2.7144330394567944,1733.0,1287.0,1904.0,1381.0,1844.4228018510728,1336.5477492637779,2.5006157910344466,-0.30459336292888817,24.250487000563847,7.9488291148772765,0.6178465977588464,3.1508222411456943,0.29645796956847087,1.0,72.54808583647817
87,37.86776859504132,176.6818181818182,41.89110059209269,6.055107722112368,1741.0,905.0,2526.0,1310.0,2114.26031209079,1100.7542012221738,6.94368349264905,-0.3785373343170459,123.73965622164278,39.966127186832225,0.9474965742369389,6.918308065620785,0.21432747854152534,1.0,68.3114083555006
88,0.022727272727272728,0.028925619834710745,0.2857046662625002,0.11596687743770312,1762.0,12042.0,1768.0,12045.0,1765.0,12042.818181818182,0.17010955993225252,0.22823963650185705,0.4012921420339177,0.23177361425421747,0.09805806756909202,2.463674736917698,0.7857142857142857,2.0,76.92283211084354
89,1.5557851239669422,1.6363636363636365,1.6285232983720042,1.2347870298403592,1763.0,1464.0,1795.0,1499.0,1778.4674634794158,1479.7622841965472,1.4074399251639156,-0.9895647191801736,4.82842712474619,1.6121952591789273,0.9650103578392148,1.3188697799834759,0.9507575757575758,2.0,33.30211803592754
90,0.35537190082644626,0.40702479338842973,1.4314849513304388,0.3423864200256549,1856.0,11438.0,1889.0,11446.0,1869.8081395348838,11441.994186046511,0.6726615473029017,0.10338435817323785,3.374942606433144,1.4721940673365133,0.2413893037005532,4.180904579168701,0.8730964467005076,2.0,84.07651260900464
91,0.08884297520661157,0.14049586776859505,0.5577176618730513,0.2872256264096979,1861.0,1471.0,1872.0,1480.0,1865.3255813953488,1474.5813953488373,0.33633077365145087,-0.6369423842479316,1.423350386317489,0.5300865358950273,0.16760089002563364,1.9417406059636344,0.6323529411764706,2.0,53.50588958959355
92,1.8760330578512396,2.8264462809917354,4.534851564841489,0.7051610805066554,1865.0,1328.0,1924.0,1428.0,1903.410792951542,1371.089207048458,1.5455223959835158,-0.9934223810176722,11.686711260832944,5.215401539971826,0.35971018596995197,6.430944205802192,0.6637426900584795,2.0,33.081090293850195
93,0.7004132231404959,1.0289256198347108,2.7988345192316144,0.42007399791083877,1876.0,1556.0,1898.0,1606.0,1886.1386430678467,1577.8318584070796,0.9443483538175375,-1.2667263357175014,5.902123503998902,2.3163986011347104,0.3023716310299064,6.662717838169242,0.6807228915662651,2.0,17.42192716531534
94,0.23140495867768596,0.26859504132231404,1.02481927455099,0.30326574644560034,1894.0,11442.0,1915.0,11450.0,1904.8214285714287,11445.07142857143,0.5428019383128951,0.10816041327038854,2.225934670385324,0.9270944570168699,0.24960235381223425,3.3792780311073534,0.8615384615384616,2.0,83.80286480921596
95,78.93595041322314,397.94628099173553,47.59080062006513,9.00366553722624,1901.0,7375.0,2597.0,8194.0,2306.906818479257,7696.78918989661,10.025186959222737,-0.8558664192698294,193.98715059905965,41.113630081913186,1.9199460192630582,5.285713959864221,0.19835830659481013,1.0,40.96246634886458
96,0.33264462809917356,0.41115702479338845,1.5188835636699365,0.3248318085820235,1911.0,6008.0,1943.0,6018.0,1927.9068322981366,6012.459627329193,0.6507966616690571,0.16921876492403048,3.221366258413127,1.4352412185315404,0.23176914361442125,4.675907726833354,0.8090452261306532,2.0,80.30447895543664
97,0.03305785123966942,0.05165289256198347,0.5134659417556239,0.11494446828465327,1918.0,11390.0,1928.0,11394.0,1922.25,11391.25,0.20515984856282046,0.3283508310597171,0.6912321264175704,0.4312196809320517,0.07666127661014253,4.467078315452775,0.64,2.0,71.1868831806651
98,0.23553719008264462,0.2871900826446281,0.7273624915161249,0.44454332189964246,1919.0,1309.0,1930.0,1326.0,1924.1666666666667,1316.7368421052631,0.5476269393200319,1.1719945930067859,2.255791681725887,0.7938295089351354,0.29671004596264083,1.6362015931494074,0.8201438848920863,2.0,22.849656208558542
99,0.07024793388429752,0.09917355371900827,0.6201831795983,0.16663330484181696,1945.0,1381.0,1953.0,1394.0,1948.764705882353,1387.6176470588234,0.2990693019308882,-0.9987616496563153,1.087955856479291,0.6098367211363063,0.11519138065908008,3.7218440826522206,0.7083333333333334,2.0,32.775172735169384
100,0.024793388429752067,0.030991735537190084,0.25011282413606173,0.14729284497749096,1956.0,1371.0,1960.0,1376.0,1957.8333333333333,1373.0833333333333,0.1776736406919709,-1.2158738065111543,0.4467466874884632,0.20327890704543544,0.12196734422726126,1.6980649954468838,0.8,2.0,20.33556246640478
101,0.05991735537190083,0.08677685950413223,0.4957370906734543,0.1812687264357091,1961.0,1359.0,1969.0,1369.0,1964.448275862069,1363.5172413793102,0.27620489907938633,-0.9892986684176144,1.0503000780817369,0.5182615568632445,0.1156121934541084,2.7348186332035507,0.6904761904761905,2.0,33.31736162175843
102,0.04132231404958678,0.05165289256198347,0.33061973258270705,0.1879326783731158,1970.0,1353.0,1976.0,1359.0,1972.35,1355.05,0.22937568382001458,-0.8122180490608558,0.7288879048151244,0.2910511017014931,0.14197614717146007,1.7592455737064776,0.8,2.0,43.46333374446333
103,0.024793388429752067,0.028925619834710745,0.27470432930370464,0.11666222644798094,1975.0,1344.0,1978.0,1350.0,1976.1666666666667,1346.6666666666667,0.1776736406919709,-1.2148728903404424,0.43733274288907464,0.2447802185061138,0.10128836627839193,2.3546981543867056,0.8571428571428571,2.0,20.392910738632978
104,5.506198347107438,7.9772727272727275,9.182025035650527,0.9215018407672471,1976.0,1193.0,2093.0,1347.0,2029.0915572232645,1261.182363977486,2.6477744384090913,-0.9111413581954604,19.602587547136007,8.555241011235777,0.6436052870837926,9.964196086689883,0.6902356902356902,2.0,37.79544563558254
105,0.01859504132231405,0.024793388429752067,0.2326536217560669,0.1503301596135567,1990.0,10655.0,1994.0,10660.0,1991.111111111111,10657.0,0.15386988642211535,-0.9708438078037794,0.4655745766872403,0.18741389207353001,0.09921911933304532,1.547617739209041,0.75,2.0,34.37474724643338
106,0.16115702479338842,0.18388429752066116,0.6232984504547953,0.3371897410671157,1999.0,6024.0,2012.0,6033.0,2004.974358974359,6027.679487179487,0.4529806804697163,0.3214401256097518,1.5519152556241342,0.5909090909090909,0.2727272727272727,1.8485095319988731,0.8764044943820224,2.0,71.58283743640618
107,0.026859504132231406,0.028925619834710745,0.20791704541704206,0.16724840200141813,2037.0,6036.0,2042.0,6040.0,2039.3076923076924,6037.538461538462,0.18492858841491905,-0.19739555984988066,0.48440246588601726,0.18741389207353001,0.1433165057032877,1.2431631210161225,0.9285714285714286,2.0,78.6900675259798
108,0.3347107438016529,0.378099173553719,1.0809785925136288,0.4199441512522462,2072.0,6042.0,2095.0,6054.0,2081.382716049383,6048.067901234568,0.6528146406568899,0.3062869426521689,2.6382559345610277,1.0493996709650177,0.31895449661600916,2.574100840052709,0.8852459016393442,2.0,72.45105086606524
109,0.014462809917355372,0.02066115702479339,0.20455892933002973,0.11609025155412805,2104.0,10267.0,2108.0,10270.0,2105.4285714285716,10268.0,0.13570048457822378,0.8091897150359401,0.2461006164715043,0.16388869433927222,0.08824775849037737,1.7620681029763503,0.7,2.0,43.63684450304686
110,528.055785123967,6215.309917355372,190.05921511146195,43.73516526475618,2106.0,5109.0,5215.0,7400.0,3874.3839282570166,5967.039639406994,25.929548924846507,-0.5591757486152663,1040.416846328665,156.8078389211057,3.367534357702909,4.3456841642398105,0.08496049145505134,1.0,57.96158959827695
111,0.22727272727272727,0.2665289256198347,1.0361563299636833,0.28772326469569415,2197.0,8229.0,2205.0,8252.0,2200.3727272727274,8238.872727272726,0.5379336611548361,1.4121841838214628,2.279187982896861,1.0163945352271773,0.22360679774997894,3.601225403373472,0.8527131782945736,2.0,9.087806371903355
112,0.10743801652892562,0.13636363636363635,0.4309964004456938,0.35945598455484673,2207.0,10383.0,2216.0,10392.0,2211.326923076923,10387.0,0.3698571768298381,-0.35513386460330154,1.3058146391526295,0.45454545454545453,0.2363636363636364,1.1990241335929999,0.787878787878788,2.0,69.6523283960604
113,0.08471074380165289,0.11363636363636363,0.8542237803743475,0.13844592630448263,2210.0,8276.0,2217.0,8292.0,2212.951219512195,8283.682926829268,0.3284159997201621,1.2890322763720987,1.4704201093144318,0.7186994682200862,0.11786671278809413,6.170089674546743,0.7454545454545455,2.0,16.143890907737642
114,0.3347107438016529,0.3677685950413223,1.3064360430037856,0.3383138471339549,2231.0,8331.0,2239.0,8362.0,2235.0185185185187,8343.888888888889,0.6528146406568899,1.4383662322781383,2.834056472950795,1.3757041773110505,0.2433013938039194,3.86160972739169,0.9101123595505618,2.0,7.587685496328831
115,0.8822314049586777,1.2231404958677685,3.685929784100924,0.36272564545539604,2263.0,8435.0,2282.0,8511.0,2270.777517564403,8465.859484777518,1.0598546656974481,1.3998650098121992,7.668390066556586,3.485803558188699,0.2530926916079874,10.16175677204544,0.7212837837837839,2.0,9.79364304972141
116,1.2520661157024793,2.1404958677685952,8.069504281883775,0.3080649334362945,2299.0,8560.0,2338.0,8705.0,2314.440594059406,8619.89108910891,1.2626084472770442,1.3246739919000614,14.310153476857401,6.746900114647081,0.1855765009747699,26.194166898104577,0.5849420849420849,2.0,14.101771033379478
117,19.045454545454547,34.421487603305785,7.256507678935472,5.51160729117461,2300.0,11975.0,2443.0,12168.0,2357.353547407247,12072.171837708831,4.924370606963776,1.2024342774730272,32.756995257121005,9.336788518259945,2.039829274081487,1.3165864865871089,0.5533013205282113,2.0,21.105590758932976
118,0.010330578512396695,0.010330578512396695,0.14083575804390605,0.08131156281817417,2330.0,10401.0,2333.0,10403.0,2331.2,10401.4,0.11468784191000729,0.3217505543966422,0.2366866718721158,0.10163945352271772,0.10163945352271771,1.732050807568877,1.0,2.0,71.56505117707799
119,0.014462809917355372,0.01652892561983471,0.2106698277857587,0.08301581526113767,2332.0,10666.0,2336.0,10669.0,2333.714285714286,10666.714285714286,0.13570048457822378,0.5213609391842685,0.3370097073805952,0.16388869433927222,0.08824775849037737,2.5377071480062896,0.875,2.0,60.12821858176463
120,4.365702479338843,21.84090909090909,19.6077808550026,1.221774939335673,2336.0,8707.0,2428.0,9082.0,2387.773308092759,8936.524372929483,2.357665166481992,1.373836860731734,39.240843481697034,17.128102662771678,0.25488535217784497,16.048602916723862,0.19988648188440072,1.0,11.284946140569389
121,0.0743801652892562,0.08057851239669421,0.4916301472392979,0.1984781203753125,2346.0,10749.0,2354.0,10758.0,2349.1111111111113,10753.388888888889,0.3077397728442307,0.7285379508062061,1.087955856479291,0.48318844603339317,0.1539361420991341,2.4769992093317343,0.9230769230769231,2.0,48.2578502036948
122,0.07851239669421488,0.09710743801652892,0.7387642140191999,0.14064940088318847,2356.0,11939.0,2362.0,11953.0,2358.6315789473683,11945.421052631578,0.31617256083191125,1.3037514693003684,1.3214121732666124,0.6331085580538236,0.12401095467033658,5.252523006711953,0.8085106382978724,2.0,15.300543275108978
123,0.014462809917355372,0.02066115702479339,0.23591590987787583,0.08007175403372001,2446.0,10305.0,2450.0,10309.0,2447.4285714285716,10306.285714285714,0.13570048457822378,0.8679725021047618,0.28214121732666125,0.1928473039599675,0.0749961737622096,2.946306256492475,0.7,2.0,40.26883889598718
124,0.026859504132231406,0.0371900826446281,0.23506871231089105,0.18101537155761113,2491.0,10239.0,2496.0,10244.0,2492.769230769231,10240.76923076923,0.18492858841491905,0.671346849257477,0.5204430667411742,0.20327890704543544,0.13213128957953302,1.2986118818979777,0.7222222222222222,2.0,51.534658948141086
125,18.43388429752066,32.47727272727273,17.667263319891443,2.3034909554040293,2538.0,814.0,2895.0,948.0,2660.289172831204,884.1647612642905,4.844662057427316,0.28128748624222394,41.078961671697606,16.717697358149465,1.1026568972152493,7.66977759493422,0.5675933583561295,2.0,73.88341420847635
126,22.06611570247934,34.78099173553719,14.80341256670934,2.699482450218268,2572.0,5732.0,2684.0,6015.0,2624.825936329588,5864.638014981273,5.300514230817442,-1.3420384373487368,35.26696344303038,13.387810540726223,1.6482243780903074,5.4837965571928065,0.6344303195913034,2.0,13.10686159558523
127,233.77892561983472,999.5227272727273,50.37522860901465,30.590105274392876,2581.0,10884.0,3536.0,11837.0,3046.6360551131693,11331.84096191747,17.25272653306931,-0.5632908590302667,223.58471058568864,51.28298172762611,4.558606339652403,1.646781799446241,0.23389055520299978,1.0,57.72581113926711
128,7.140495867768595,8.601239669421487,6.721179584151485,1.4888138349991493,2585.0,662.0,2625.0,799.0,2604.0321180555557,733.1866319444445,3.0152216681134734,-1.4891475235725147,15.111399704037835,6.269597374606238,1.1389082011374063,4.5144526643623815,0.8301705500840741,2.0,4.678131826936635
129,0.022727272727272728,0.024793388429752067,0.2024889925988825,0.16356387941261577,2628.0,10490.0,2632.0,10494.0,2629.0,10491.363636363636,0.17010955993225252,-1.0687627721592017,0.4012921420339177,0.16388869433927222,0.1386750490563073,1.2379811076018317,0.9166666666666666,2.0,28.76440385457574
130,20.039256198347108,35.33471074380165,10.668351535504392,5.609045657598395,2637.0,6073.0,2812.0,6252.0,2719.0533044643776,6174.099804103515,5.051215045789949,0.9345667341991926,35.6534894129153,9.532892166486057,2.1021171590293806,1.9019904965566319,0.5671266518535845,2.0,36.45327045706165
131,0.012396694214876033,0.012396694214876033,0.22043914534182762,0.061222389671653964,2748.0,3189.0,2751.0,3193.0,2749.0,3190.5,0.12563423617139471,0.8780721383952957,0.29155516192604974,0.16388869433927222,0.07564093584889489,3.6006295494847564,1.0,2.0,39.69017236192243
132,0.7871900826446281,0.8801652892561983,1.5475175647728974,0.682395112307594,2754.0,3180.0,2782.0,3203.0,2766.5433070866143,3191.482939632546,1.0011401212849684,0.5480757782979909,3.936271806656667,1.4749982490534501,0.5336888251560916,2.267773518394346,0.8943661971830986,2.0,58.59757105017732
133,0.010330578512396695,0.010330578512396695,0.14083575804390605,0.08131156281817417,2832.0,10345.0,2835.0,10347.0,2832.8,10345.6,0.11468784191000729,0.3217505543966422,0.2366866718721158,0.10163945352271772,0.10163945352271771,1.732050807568877,1.0,2.0,71.56505117707799
134,2.981404958677686,3.2541322314049586,3.4543462753877616,1.1833817349741393,2873.0,6201.0,2940.0,6243.0,2911.19404019404,6219.530145530145,1.9483435765434016,0.4827228921850972,8.57965039449988,3.3746747624128335,0.8834643835561901,2.919046469365399,0.9161904761904762,2.0,62.34201560344526
135,0.010330578512396695,0.012396694214876033,0.21560752350878534,0.06132968034081133,2906.0,947.0,2910.0,949.0,2907.2,947.2,0.11468784191000729,-0.19025318855618242,0.19123212641757037,0.14373989364401726,0.07186994682200862,3.5155494421403515,0.8333333333333334,2.0,79.09929525682409
136,1.0289256198347108,1.4008264462809918,4.496559930171929,0.3637058848620459,2925.0,949.0,3013.0,968.0,2972.29718875502,958.281124497992,1.1445823639060198,0.17683216612142144,9.687495076410357,4.029334584032783,0.2553586946867302,12.36317617428016,0.7345132743362831,2.0,79.86826319908629
137,1.2685950413223142,1.4256198347107438,2.399519533678771,0.7122472676448206,2955.0,5531.0,2981.0,5578.0,2966.612377850163,5553.133550488599,1.2709151713889122,-1.1261404164721942,5.582326508274686,2.29849034177646,0.5519253304070187,3.3689417182507886,0.8898550724637682,2.0,25.476906997038455
138,0.06198347107438017,0.09090909090909091,0.41969163360672357,0.24457826690062962,2990.0,5396.0,2998.0,5403.0,2993.133333333333,5398.333333333333,0.2809266923805015,0.4549319683592717,1.0408861334823485,0.36646626128629767,0.16913827443982973,1.7159808961163392,0.6818181818181818,2.0,63.934318247434625
139,0.03305785123966942,0.0371900826446281,0.25512113381612517,0.1814512902041162,2990.0,5403.0,2996.0,5408.0,2992.5,5404.6875,0.20515984856282046,0.4941807972201255,0.6223812797920508,0.23177361425421747,0.14262991646413387,1.4060034157328785,0.8888888888888888,2.0,61.68552600287644
140,0.030991735537190084,0.05371900826446281,0.45472544077873206,0.1286426216518681,2991.0,5376.0,2995.0,5385.0,2992.4,5380.133333333333,0.19864516919855985,-1.5383342745814794,0.628564869306645,0.36646626128629767,0.08456913721991487,3.534796126973433,0.5769230769230769,2.0,1.8599385861621158
141,0.26239669421487605,0.384297520661157,1.449751942633651,0.31388659791400636,2993.0,5364.0,3001.0,5394.0,2997.1732283464567,5376.181102362205,0.5780085185204111,1.5391984428098784,3.393770495631921,1.3252163397375682,0.19800291193726022,4.618712465802158,0.6827956989247312,2.0,1.8104253938855521
142,0.014462809917355372,0.02066115702479339,0.1873013649591683,0.1374416265488099,2996.0,5444.0,3000.0,5447.0,2997.285714285714,5445.0,0.13570048457822378,0.0,0.28214121732666125,0.14373989364401726,0.10061792555081206,1.362770287738494,0.7,2.0,90.0
143,18.18801652892562,50.00413223140496,27.675237011603052,2.0284239146931973,3014.0,844.0,3571.0,989.0,3312.537998409633,928.1725548108599,4.812244994275008,-0.2573183419025097,60.968211301744894,25.873979398564792,0.7029462398789146,13.643714615634957,0.36373027022560117,1.0,75.25674501768188
144,0.34710743801652894,0.42768595041322316,1.2093436425968649,0.41789512994955463,3015.0,5496.0,3040.0,5507.0,3027.5416666666665,5500.684523809524,0.664793890130132,-0.07704909373707282,2.986294764083409,1.099398783858893,0.31572477895434886,2.893892644173308,0.8115942028985507,2.0,85.58541211355787
145,0.01859504132231405,0.022727272727272728,0.19190365068565934,0.1453487493169399,3045.0,5499.0,3049.0,5503.0,3046.5555555555557,5500.222222222223,0.15386988642211535,-0.7070972249064407,0.37466548577814934,0.16388869433927222,0.11346140377334234,1.320297915100764,0.8181818181818182,2.0,49.48631330744819
146,41.45661157024794,71.72727272727273,13.21538756073434,6.236925795051138,3096.0,4703.0,3401.0,4899.0,3192.0447047096936,4775.17901819088,7.265273376960082,-0.46848522423760663,42.22852384905541,14.254548353431987,2.9083076181972936,2.1188944674025874,0.5779755732227215,2.0,63.157773886945165
147,0.4318181818181818,0.4896694214876033,1.31234397371463,0.43753475876942666,3156.0,6331.0,3181.0,6350.0,3167.971291866029,6339.985645933014,0.7414903810748644,-0.5853972480650843,3.201200312326948,1.2864519725531733,0.3356659953353473,2.999405069909458,0.8818565400843882,2.0,56.459208347297775
148,0.6239669421487604,0.7355371900826446,2.4842714950630773,0.34019315642015163,3226.0,6232.0,3263.0,6272.0,3242.9933774834435,6251.304635761589,0.8913245118088469,-0.8557448509587975,5.264421810747862,2.3819222739225276,0.2619594052165344,7.302532247282795,0.8483146067415731,2.0,40.969431700009245
149,0.36363636363636365,0.41735537190082644,0.8833032157061798,0.547662787278706,3282.0,1644.0,3301.0,1660.0,3290.5738636363635,1651.3863636363637,0.6804382397290101,0.5386475755432243,2.569405087935509,0.9147550817044595,0.3975231959999626,1.6128596578475691,0.8712871287128713,2.0,59.13776727641907
150,6.615702479338843,12.340909090909092,16.38625265186156,0.999294397648206,3381.0,9869.0,3651.0,9993.0,3511.5915053091817,9937.084946908182,2.9023049482948333,-0.41799413402019475,30.210202654779053,13.333763767156936,0.4961616685931029,16.39782299433066,0.5360790222668675,2.0,66.05070025941714
151,34.50413223140496,246.61157024793388,40.498686354138265,8.13393599107897,3424.0,4621.0,3935.0,5204.0,3684.9625748502995,4941.169041916168,6.628123838145746,0.9473318008709756,97.48995303665633,30.5436281921532,1.1296671113967145,4.978977754257702,0.13991286863270777,1.0,35.721886011565374
152,1.5557851239669422,1.7706611570247934,2.152257450329739,1.0543196312225307,3442.0,5920.0,3478.0,5963.0,3459.116865869854,5937.150066401063,1.4074399251639156,-0.9015253901305152,6.088787218444275,2.2314432197515597,0.6972102674161511,2.0413709340061326,0.8786464410735123,2.0,38.34640002163648
153,0.04132231404958678,0.045454545454545456,0.31328058431141104,0.16575617697161305,3460.0,1720.0,3467.0,1724.0,3463.2,1721.4,0.22937568382001458,0.22763980174425674,0.6850485369029762,0.2764892059226463,0.1494536248230521,1.8900085054752598,0.9090909090909091,2.0,76.95720011085929
154,30.638429752066116,96.83884297520662,28.078129908931547,4.518639922286529,3522.0,6869.0,3915.0,7256.0,3731.73855283566,7008.8778744352285,6.245803419010314,0.7951047121456206,74.2959497036888,24.04240399965537,1.2743496762014852,6.213845403004232,0.3163857478131,1.0,44.44385572309173
155,165.3801652892562,2095.5847107438017,143.16012049980696,32.42104376770904,3525.0,9238.0,5531.0,11140.0,4713.296949177952,9834.92745240118,14.51098088900673,-0.7217651898285974,411.3769395547111,118.62624477919388,1.3941279655028127,4.415654274597806,0.07891838704556906,1.0,48.64590082336267
156,22.204545454545453,23.287190082644628,12.171201289792629,2.6748866264904403,3531.0,11384.0,3702.0,11621.0,3611.460314506374,11482.878198567041,5.3171143814663875,1.0099893673267766,29.162626236859694,11.995178094578721,1.8511226160602738,4.55017463890114,0.9535090054121196,2.0,32.1318718990875
157,0.518595041322314,0.6115702479338843,1.5047651774666166,0.471906426451165,3552.0,1718.0,3585.0,1731.0,3566.988047808765,1724.5418326693227,0.8125858196616135,0.17863803597861308,3.7810802810942534,1.4798927814636096,0.3504274416484585,3.1886939721986103,0.847972972972973,2.0,79.76479447791932
158,1.3677685950413223,2.0867768595041323,4.858302318450857,0.44661019168181215,3572.0,803.0,3663.0,845.0,3609.638972809668,826.8519637462235,1.3196579341835013,-0.4011617350008178,10.465345002419816,4.476753546270957,0.30552689150838896,10.878171633647266,0.6554455445544555,2.0,67.01512568230758
159,0.2396694214876033,0.2644628099173554,0.8342586699520423,0.36967493348330593,3621.0,5739.0,3639.0,5749.0,3629.6206896551726,5743.431034482759,0.5524097981587727,-0.22171484466295485,1.9908631760556061,0.7938295089351354,0.3019154853654942,2.256735835700682,0.90625,2.0,77.29667514541404
160,0.02066115702479339,0.02066115702479339,0.18181818181818182,0.1431637795274875,3628.0,1765.0,3632.0,1769.0,3629.7,1766.3,0.16219310146843374,0.7853981633974485,0.4123212641757034,0.14373989364401726,0.14373989364401724,1.270001270001905,1.0,2.0,44.999999999999986
161,0.5103305785123967,0.5371900826446281,0.9883719199124704,0.6621329617689343,3648.0,11118.0,3663.0,11140.0,3655.6234817813765,11128.437246963562,0.8060850286722587,1.5634228891397735,2.7135674913561356,0.9717071966559977,0.5251896664639638,1.4927091339358276,0.9500000000000001,2.0,0.42246685814139084
162,0.0371900826446281,0.0371900826446281,0.2587904019602702,0.17887711078315374,3650.0,9687.0,3656.0,9691.0,3652.722222222222,9688.388888888889,0.21760488021896326,0.21355517580590122,0.5941394459938852,0.23177361425421747,0.1604586560221506,1.4467496753902318,1.0,2.0,77.76418973314755
163,20.983471074380166,40.45454545454545,8.592773186442068,6.421868582696783,3663.0,5544.0,3878.0,5689.0,3764.6558684521465,5604.993599842458,5.168847565725581,-0.08873925434811535,43.792299588786314,9.783292386377674,2.144827144653031,1.3380487432574713,0.5186925434116446,2.0,84.91561524871506
164,0.12396694214876033,0.15495867768595042,0.7164742785327356,0.23230343020086847,3664.0,796.0,3679.0,803.0,3671.75,798.6,0.3972903383971197,-0.25842755819387253,1.5597140226811255,0.6618281717527744,0.1873098599300305,3.0842173872043714,0.7999999999999999,2.0,75.19319160561963
165,20.41322314049587,32.77066115702479,17.614955984013953,2.439846250873128,3676.0,2705.0,3999.0,2790.0,3828.5402834008096,2741.6384615384613,5.098129356732943,-0.14554190721646318,34.966778152082355,14.743327388325161,1.38457368562951,7.219699182975252,0.6229115440388375,2.0,81.66106297421204
166,0.0371900826446281,0.04338842975206612,0.39834683416501254,0.1248508372194654,3689.0,787.0,3697.0,791.0,3692.8888888888887,788.7777777777778,0.21760488021896326,-0.33915220076389035,0.6301800468490422,0.3461715048119958,0.10743253597613664,3.190582001983617,0.8571428571428571,2.0,70.56801028365551
167,17.390495867768596,43.99586776859504,30.824421630672955,2.3206426896066814,3702.0,9478.0,4152.0,9849.0,3977.7097540691457,9638.909350124748,4.7055570383745655,-0.7056126602660217,58.861570195229525,26.244637390056223,0.6626304493868772,13.282709039493405,0.39527566450643375,1.0,49.57137259575856
168,0.05165289256198347,0.05991735537190083,0.32119967038144254,0.2056339398090649,3722.0,774.0,3729.0,779.0,3724.84,776.12,0.25644981070352557,0.12017160690839852,0.7759576278120671,0.2874797872880345,0.17967486705502153,1.561997356465974,0.8620689655172413,2.0,83.1146741068436
169,0.1446280991735537,0.17355371900826447,0.8028529346306591,0.243978819282807,3740.0,1724.0,3756.0,1732.0,3746.8714285714286,1727.1142857142856,0.4291226108557407,0.24181628424558604,1.769774038297473,0.7186994682200862,0.20123585110162412,3.2906665299500264,0.8333333333333333,2.0,76.14494749519206
170,14.979338842975206,37.679752066115704,17.72704937349046,2.3438598756506313,3743.0,5387.0,4063.0,5481.0,3881.462896551724,5420.859448275862,4.367182909939025,-0.05824848244897306,39.98048338799895,14.546874930648642,1.0297289908924294,7.563186501739834,0.3975434556122169,1.0,86.66260779263199
171,14.898760330578513,37.14049586776859,15.44028225820771,2.498207978646245,3760.0,5247.0,4069.0,5346.0,3906.420191374289,5310.510747469144,4.355420854570094,0.07856942850906434,38.40277283808403,14.014455347165153,1.0630994898843669,6.180543169418044,0.4011459724076547,1.0,85.49830334767577
172,11.99586776859504,21.74793388429752,8.246624028713684,3.775954488086337,3836.0,5479.0,3997.0,5591.0,3920.6441612125386,5528.505683775405,3.9081470310607767,0.36774451604896274,25.03106058673568,7.485661224430488,1.6025127786233329,2.1839839581575817,0.5515865475964279,2.0,68.92979129131346
173,80.07438016528926,599.1363636363636,51.16962651436356,15.10900749506079,3960.0,2619.0,4662.0,3536.0,4262.045283310971,2984.096681804108,10.097220773391221,-0.9397043107710435,160.83421542745435,48.041519577400805,1.666774508168493,3.3866967457055774,0.13364967480740184,1.0,36.158909002569295
174,8.285123966942148,12.359504132231406,8.297978149075968,1.6899956195050707,3961.0,5449.0,4090.0,5565.0,4026.890523690773,5497.982793017456,3.247914325801068,0.8160705556605373,19.327690855556344,7.525301674302247,1.100969014336605,4.910058968973009,0.6703443664326312,2.0,43.24260137575528
175,1.5206611570247934,1.665289256198347,2.592855872675359,0.775143071114952,3967.0,5229.0,4020.0,5258.0,3990.788043478261,5242.998641304348,1.3914617922410566,-0.41127181254071565,6.34268660197277,2.5664716751805643,0.5925103992888631,3.3450029669307906,0.9131513647642681,2.0,66.43586090872142
176,81.90702479338843,702.2376033057851,53.42793676050012,22.525856366234272,3970.0,7445.0,5002.0,8512.0,4684.701990263098,8133.0419998486495,10.212113540229838,0.6356663222693409,237.66044190230141,57.85479829668766,1.415734341918496,2.3718493047210996,0.11663719574088731,1.0,53.57900255536391
177,2.4111570247933884,2.62396694214876,2.3660734052736085,1.4310858872393415,4086.0,5488.0,4138.0,5525.0,4107.081405312768,5506.902313624679,1.7521359743275986,0.22308601961449237,7.058930207103711,2.4738299680341416,0.9746656221120334,1.6533413028325779,0.9188976377952757,2.0,77.21811260771689
178,52.29338842975206,84.31198347107438,14.758295703444723,7.10459447225627,4163.0,11955.0,4520.0,12154.0,4381.164519952588,12033.29976293955,8.1597800262603,0.06132001015228874,46.397191036266996,16.20248935062217,3.227490992163128,2.0772889657638403,0.6202367240914548,2.0,86.4866222185745
179,36.21280991735537,148.03099173553719,36.87325298647131,5.598003797817964,4176.0,8700.0,4556.0,9421.0,4418.053973868888,9082.619957779427,6.790256373124254,-1.1160738119714413,104.02737924078647,36.71298101770832,0.9863761784936044,6.586857443870271,0.24462992169944311,1.0,26.053680948959
180,0.010330578512396695,0.012396694214876033,0.15162007676708103,0.09352480692964357,4203.0,5644.0,4206.0,5647.0,4203.8,5645.0,0.11468784191000729,0.5951449748412658,0.2555145610708928,0.10163945352271772,0.10163945352271771,1.6211749774703208,0.8333333333333334,2.0,55.90070474317591
181,3.024793388429752,3.43801652892562,2.816275209014289,1.528095859540334,4251.0,590.0,4293.0,649.0,4274.520491803279,620.7862021857924,1.9624695046808314,-1.2425104572912784,8.333549778028376,2.6679146528780344,1.1337669236033214,1.8429964268481507,0.8798076923076923,2.0,18.809394796339816
182,3.4359504132231407,3.6095041322314048,4.125589359635686,1.078538527378788,4254.0,2707.0,4345.0,2739.0,4294.488875526157,2721.3680096211665,2.0915993736528096,-0.2511689496507423,9.59981634058606,4.258195792229225,0.806902871749909,3.8251664218822654,0.9519175729822554,2.0,75.60907924027859
183,0.768595041322314,1.024793388429752,2.9756867512416565,0.4079485627970183,4345.0,2661.0,4396.0,2707.0,4365.731182795699,2684.440860215054,0.9892449648590215,-0.7475822784824389,6.681588607550757,3.024008614269072,0.254164302871237,7.294269480542967,0.75,2.0,47.16669060418248
184,6.433884297520661,7.270661157024794,5.599855406488911,1.5846259466645556,4396.0,5246.0,4522.0,5290.0,4451.786769428388,5269.2938342967245,2.8621453341600107,0.21305747345838602,14.418829520732864,5.900343175339622,1.0904254390508954,3.5338657796661246,0.8849104859335039,2.0,77.79270597711393
185,0.4628099173553719,0.5805785123966942,1.2962908321412323,0.5292433144697015,4402.0,966.0,4429.0,979.0,4416.754464285715,971.9598214285714,0.7676378628445004,0.09573216617424116,3.6557457668724025,1.2128785512842122,0.38157976894334766,2.449328686258621,0.797153024911032,2.0,84.51495091457092
186,0.07644628099173553,0.09504132231404959,0.449683880177256,0.2498807663275457,4450.0,1005.0,4459.0,1012.0,4454.486486486487,1007.972972972973,0.3119846598898954,0.3942871535635892,1.1395939914484308,0.4065578140908709,0.18803298901702775,1.799593809424319,0.8043478260869564,2.0,67.40901018457976
187,0.045454545454545456,0.05785123966942149,0.27797946224460424,0.24608846755358507,4468.0,884.0,4475.0,890.0,4470.772727272727,886.2272727272727,0.24057124674551034,-0.3840294304196474,0.794785517010844,0.2764892059226463,0.16439898730535732,1.129591585530415,0.7857142857142857,2.0,67.9967344281413
188,16.75206611570248,33.99173553719008,15.128993520580023,3.0215258501630045,4470.0,5092.0,4740.0,5201.0,4596.047977306364,5122.040823877652,4.618375583961353,-0.17494574005444483,34.65611798030253,12.412503693207277,1.3496121757345394,5.007070689057268,0.4928276197422806,1.0,79.97634745108752
189,0.10330578512396695,0.15289256198347106,0.7666921990222022,0.23273706845468362,4504.0,1002.0,4519.0,1011.0,4509.3,1005.9,0.3626748003649388,0.4369979353901402,1.6350255794762334,0.6923430096239916,0.149211855522412,3.294241884684929,0.6756756756756758,2.0,64.96186264621433
190,0.01859504132231405,0.028925619834710745,0.30961716053245153,0.09282428931043447,4515.0,5195.0,4521.0,5199.0,4517.444444444444,5196.555555555556,0.15386988642211535,0.41586130704902763,0.4467466874884632,0.23177361425421747,0.0802293280110753,3.3355187832033004,0.6428571428571429,2.0,66.17290224329669
191,2.425619834710744,2.5826446280991737,2.765647040496691,1.1768553034832,4524.0,5179.0,4585.0,5213.0,4550.313458262351,5193.453151618399,1.7573830242857384,-0.330403225587476,7.027735138875746,2.8112083811029502,0.8628388599777422,2.3500315054119745,0.9391999999999999,2.0,71.06928963632878
192,1.9008264462809918,2.0330578512396693,2.279565024744706,1.098855892655437,4532.0,2560.0,4576.0,2598.0,4555.146739130435,2580.026086956522,1.5557015777723462,-0.6168080179056424,5.845916957057565,2.159449730949037,0.8802364875822393,2.0744895122107683,0.934959349593496,2.0,54.65950380417698
193,23.173553719008265,71.64049586776859,32.36788007557447,2.6415622221895663,4567.0,8519.0,4663.0,9098.0,4602.220221112696,8825.691868758915,5.431895156120553,-1.5112607413434265,64.40019181708436,26.548723335478893,0.872868854226216,12.253309728492798,0.3234700351848648,1.0,3.411137777209703
194,8.547520661157025,19.737603305785125,23.581586231466282,0.8505925921074166,4604.0,2174.0,4940.0,2512.0,4745.6811699299005,2373.9763113367176,3.29894548533709,-0.8065169158821408,48.17591987062901,21.503074929064415,0.39750224976446763,27.723714561210635,0.4330576782162671,1.0,43.7899846140457
195,7.190082644628099,9.336776859504132,6.319080756831028,1.7811102262402272,4629.0,9120.0,4729.0,9232.0,4692.550287356322,9174.306609195402,3.025673074384355,0.9551964850918298,16.118691776172405,6.410541421932632,1.1216030240485448,3.5478325056670252,0.7700818765213542,2.0,35.2712727985073
196,26.380165289256198,211.41322314049586,62.76987961444158,6.29222947814066,4789.0,3083.0,5561.0,4085.0,5231.957315162907,3533.559132205514,5.795538770721054,0.9228887920189316,125.33375627891951,57.431993560188396,0.45932874089787495,9.975777239610457,0.12478011023806732,1.0,37.122367257388404
197,0.10743801652892562,0.10743801652892562,0.4146728557097788,0.33033882156294386,4848.0,3379.0,4857.0,3386.0,4852.442307692308,3381.8846153846152,0.3698571768298381,0.19354130737004116,1.086340678936894,0.3883638066053423,0.27664271155449044,1.255295559110559,1.0,2.0,78.91089992625243
198,0.0371900826446281,0.047520661157024795,0.3797594411435293,0.14794683606345582,4874.0,5550.0,4879.0,5557.0,4875.666666666667,5552.555555555556,0.21760488021896326,-1.1308450555198064,0.7383018494145129,0.32777738867854445,0.11346140377334234,2.5668642280436926,0.782608695652174,2.0,25.207351035477828
199,31.237603305785125,173.73347107438016,22.757058789397476,11.38209188668089,4945.0,1622.0,5252.0,2168.0,5081.250810238773,1864.4456643957933,6.306580040852211,1.3364646586385924,84.51759308275695,24.880956241090782,1.2554824261214033,1.9993740180596644,0.1798018718708005,1.0,13.42621559161637
200,11.192148760330578,25.144628099173552,9.911089449487719,3.708045261650784,4985.0,5482.0,5105.0,5638.0,5053.473509322504,5568.097470924866,3.7749551510198796,-1.1487902733957978,30.181683700325895,8.346325959653948,1.3409671290617342,2.6728609685512312,0.44511092851273626,1.0,24.179165788740804
201,4.917355371900826,5.87396694214876,4.127137246682102,1.8634529563967042,5050.0,9405.0,5113.0,9487.0,5075.256302521008,9434.144117647058,2.502193300890244,-0.9420069516838734,11.619198471094826,4.476061211259532,1.0985898404452599,2.214779413944856,0.8371438621174815,2.0,36.02697739653
202,78.12190082644628,546.0599173553719,57.816873226683896,16.694782536306352,5150.0,4798.0,5627.0,5824.0,5320.130729152892,5445.848139430324,9.97335918545552,-1.408581055794662,153.18548461206152,48.13037562549496,1.623130919116796,3.463170191103048,0.14306470470273522,1.0,9.294250400884337
203,0.0743801652892562,0.08884297520661157,0.3680613583654186,0.2700989567102479,5262.0,11004.0,5269.0,11012.0,5264.916666666667,11007.777777777777,0.3077397728442307,1.1511081743313785,0.9860176434284145,0.36646626128629767,0.2029659293277957,1.3626907813652205,0.8372093023255814,2.0,24.046359847802606
204,144.36570247933884,1366.2107438016528,90.87858281789879,28.44649767674166,5365.0,879.0,6840.0,1987.0,6379.555779771872,1482.5771471097562,13.557732896770217,-0.8840271079919283,224.7894577624725,82.15090176715667,1.7573234057554217,3.194719569720622,0.10566869213575583,1.0,39.34897773690666
205,2.2107438016528924,2.5041322314049586,4.2590869337347135,0.6894685929828392,5568.0,4109.0,5606.0,4190.0,5586.795327102804,4150.956074766355,1.6777384872329215,1.1953456563729672,9.101708638783451,3.916483496097821,0.5644716245722883,6.177347274527299,0.8828382838283828,2.0,21.5117388305338
206,70.72933884297521,454.45661157024796,45.481781076249575,14.855328101435248,5638.0,4005.0,6387.0,4775.0,5874.358835042211,4487.825636082143,9.489751903387612,-0.7047483318840503,182.2666632489991,48.154795166428244,1.4687911888842404,3.0616476974248283,0.15563496501588947,1.0,49.62089496415889
207,0.010330578512396695,0.012396694214876033,0.18559665008775406,0.0887013701302333,6162.0,5449.0,6164.0,5453.0,6162.6,5450.4,0.11468784191000729,-1.5209620005493156,0.20064607101695886,0.13636363636363635,0.07575757575757576,2.0923763614390283,0.8333333333333334,2.0,2.8552965687498215
208,0.0371900826446281,0.045454545454545456,0.47118211073354616,0.11430429468988362,6258.0,8768.0,6267.0,8771.0,6262.666666666667,8768.666666666666,0.21760488021896326,0.0883544280350183,0.7461006164715044,0.37482778414706003,0.09921911933304532,4.122173292017589,0.8181818181818182,2.0,84.9376641723011
209,0.4297520661157025,0.5764462809917356,1.5087170284573759,0.425707096641535,6275.0,8698.0,6299.0,8721.0,6288.447115384615,8709.100961538461,0.7397143536596762,-0.791446886362805,3.7843106361790473,1.3854318776480155,0.310193574328081,3.544026022492609,0.7455197132616488,2.0,44.6534337026412
210,1.1632231404958677,1.2975206611570247,1.6098135493257373,0.9596244401026929,6353.0,90.0,6382.0,122.0,6365.692717584369,106.31083481349911,1.2169887845951435,0.8939888248986936,4.8628525480589495,1.682432320301977,0.6913937199489146,1.677545383435071,0.8964968152866243,2.0,38.778213401444894
211,0.010330578512396695,0.010330578512396695,0.14083575804390605,0.08131156281817417,6368.0,7940.0,6371.0,7942.0,6369.2,7940.4,0.11468784191000729,0.3217505543966422,0.2366866718721158,0.10163945352271772,0.10163945352271771,1.732050807568877,1.0,2.0,71.56505117707799
212,0.01859504132231405,0.022727272727272728,0.3319530651546461,0.06388439717511875,6394.0,7896.0,6401.0,7898.0,6397.111111111111,7896.444444444444,0.15386988642211535,0.1973955598498807,0.3181818181818182,0.2764892059226463,0.06725413117037345,5.196152422706634,0.8181818181818182,2.0,78.69006752597979
213,2.4917355371900825,3.12396694214876,7.524514333536826,0.4501163743968873,6401.0,3867.0,6493.0,3984.0,6446.645107794361,3925.448590381426,1.7811727094732637,-0.9107820124666476,14.318276910956957,6.536768226193675,0.3811876834190596,16.71681983046929,0.7976190476190476,2.0,37.81603462922956
214,3.5082644628099175,3.696280991735537,3.3432399639069263,1.3845421215133629,6402.0,1816.0,6447.0,1885.0,6423.491166077739,1849.0759717314488,2.113494984010762,-1.0994333280224922,8.264698931402856,3.309140858763872,1.0601738072039726,2.414689962810683,0.9491335941866965,2.0,27.007110448288977
215,0.014462809917355372,0.01859504132231405,0.28932339393535284,0.06321769539177713,6446.0,5557.0,6452.0,5559.0,6448.428571428572,5557.142857142857,0.13570048457822378,-0.025401852029110827,0.2366866718721158,0.22727272727272727,0.06363636363636364,4.576620393108886,0.7777777777777778,2.0,88.54458108691612
216,54.353305785123965,184.0785123966942,40.66150397840241,5.900059193414447,6506.0,3403.0,7470.0,3848.0,6881.757745086859,3586.7976584179114,8.318940936964411,-0.37015878753732295,115.75682138691158,48.06886416880827,1.130738300664771,6.891711192285687,0.29527240891642537,1.0,68.79146372443165
217,0.01652892561983471,0.02066115702479339,0.2039721427632812,0.10526782694526739,6608.0,8024.0,6612.0,8027.0,6609.375,8024.875,0.14506992014597553,0.5762859986078338,0.3275957627812067,0.16388869433927222,0.10085458113185986,1.9376494099126205,0.8,2.0,56.98124448728909
218,11.491735537190083,14.456611570247935,5.00134845310047,3.4897793949448723,6677.0,10271.0,6769.0,10388.0,6727.344839985617,10335.654440848615,3.825144719300015,1.3570971334770179,18.469960960779584,5.384397416349399,2.1342658516059974,1.4331417224668082,0.7949121051879376,2.0,12.244061862464733
219,13.148760330578513,22.541322314049587,15.550507811086554,1.671552396757265,6772.0,9959.0,6981.0,10203.0,6873.63639220616,10078.836266499056,4.091640455506513,-0.8151735917655538,35.691145191312856,14.450971542162717,0.9098876357354367,9.303033420462215,0.5833180568285976,2.0,43.29399362131345
220,0.05165289256198347,0.07851239669421488,0.7587031820211275,0.09891591188516607,6865.0,7982.0,6881.0,7985.0,6871.44,7982.76,0.25644981070352557,0.08604735882879713,1.0016151775423972,0.6878520886555253,0.07509302277898748,7.6701833664731796,0.6578947368421053,2.0,85.06984950086216
221,18.56198347107438,52.9400826446281,25.98323039844033,2.928516113165257,7005.0,9618.0,7487.0,9934.0,7255.426536064114,9751.235418521817,4.8614659706813095,-0.5193541653613021,62.71039284032934,26.060363811418117,0.7122687774198153,8.872490160334689,0.350622487608789,1.0,60.24319825225794
222,0.04132231404958678,0.05371900826446281,0.43665526711127794,0.1360357725856947,7033.0,8002.0,7042.0,8006.0,7037.0,8003.35,0.22937568382001458,0.2287109207179562,0.8574527741217696,0.3883638066053423,0.10640104290557324,3.2098561930554723,0.7692307692307693,2.0,76.89582951430992
223,0.11983471074380166,0.15289256198347106,0.8425343082226118,0.20569431589699513,7078.0,8074.0,7096.0,8081.0,7087.051724137931,8076.948275862069,0.3906127142719601,0.2881913130713159,1.8152285837520181,0.7938295089351354,0.1509577426827471,4.096050513347802,0.7837837837837839,2.0,73.4878540686802
224,0.07851239669421488,0.13016528925619836,1.1603926012100567,0.12104917936516836,7079.0,8049.0,7102.0,8054.0,7091.578947368421,8050.5526315789475,0.31617256083191125,0.1634762354246126,1.6866637144453733,1.0092546959624782,0.07779245121008958,9.586125302919296,0.6031746031746031,2.0,80.63350165948266
225,0.04132231404958678,0.05371900826446281,0.40856869805479046,0.13458432777951193,7100.0,8033.0,7109.0,8037.0,7104.25,8034.3,0.22937568382001458,0.11770768854634368,0.721089137758133,0.36646626128629767,0.11275884962655316,3.0357821359716133,0.7692307692307693,2.0,83.25584623005413
226,0.022727272727272728,0.024793388429752067,0.22981633401767734,0.12222678671588477,7113.0,8040.0,7118.0,8043.0,7114.909090909091,8041.181818181818,0.17010955993225252,-0.23182380450040305,0.41070608663330627,0.18741389207353001,0.1212678125181665,1.8802452407742964,0.9166666666666666,2.0,76.71747441146101
227,0.012396694214876033,0.01859504132231405,0.25450060383958467,0.07704877255581356,7121.0,8041.0,7126.0,8044.0,7123.166666666667,8042.0,0.12563423617139471,0.29833019793865734,0.2555145610708928,0.18741389207353001,0.06614607955536354,3.3031104247017864,0.6666666666666666,2.0,72.90693875681248
228,0.012396694214876033,0.01652892561983471,0.21967309603034957,0.08808191221113205,7158.0,8086.0,7162.0,8089.0,7159.333333333333,8087.166666666667,0.12563423617139471,0.7513599342684485,0.2366866718721158,0.16388869433927222,0.07564093584889489,2.4939637493767606,0.75,2.0,46.95024687119095
229,245.25619834710744,736.00826446281,34.301980483869606,24.65225964419841,7230.0,7046.0,7948.0,7885.0,7648.988045895673,7394.621866154468,17.671159846680915,0.6635697326669737,439.8205034335023,45.22455450945329,5.423076048119866,1.3914335228877137,0.3332247886185252,1.0,51.98025490555809
230,0.12396694214876033,0.19008264462809918,1.017182863162831,0.2222767984690166,7264.0,8072.0,7287.0,8078.0,7276.3,8074.183333333333,0.3972903383971197,0.08637966066833633,2.277572805354464,1.0041237288352056,0.12345783551252526,4.5761990012854055,0.6521739130434783,2.0,85.05081000793213
231,0.04132231404958678,0.047520661157024795,0.4448250822664084,0.12391039779837185,7295.0,8091.0,7304.0,8094.0,7298.9,8092.2,0.22937568382001458,0.1319346050670925,0.7461006164715044,0.37482778414706003,0.11024346592560591,3.589893101547716,0.8695652173913043,2.0,82.44070395793027
232,21.388429752066116,37.45454545454545,17.591016298453823,2.3997639672258706,7354.0,6049.0,7442.0,6394.0,7401.264103554869,6207.503187789799,5.218485849374383,1.458232958606347,48.51338872654444,15.98456124975307,1.3380679905991493,7.3303110383764345,0.5710503089143866,2.0,6.4494059249810505
233,0.01652892561983471,0.01859504132231405,0.18315243891195362,0.12460109170664353,7364.0,8099.0,7368.0,8102.0,7365.625,8100.0,0.14506992014597553,0.23823370973685334,0.3292109403236039,0.14373989364401726,0.11499191491521378,1.4699103868460586,0.8888888888888888,2.0,76.35021389433359
234,0.012396694214876033,0.014462809917355372,0.17407765595569782,0.0857099128710967,7368.0,11358.0,7371.0,11361.0,7369.166666666667,11359.0,0.12563423617139471,0.9272952180016122,0.28214121732666125,0.128564869306645,0.09642365197998375,2.0310096011589893,0.8571428571428571,2.0,36.86989764584402
235,10.326446280991735,11.518595041322314,4.856029070943388,3.047774728441267,7402.0,6957.0,7519.0,7037.0,7459.518007202882,7001.846538615446,3.6260225814991873,-0.30960114540411354,16.59986388697363,5.4241577782459265,1.9037879617747993,1.5933031485653544,0.8965022421524663,2.0,72.26116103592817
236,29.026859504132233,31.613636363636363,9.028199904844056,4.391162158905518,7406.0,6406.0,7550.0,6593.0,7470.478681756708,6509.102284860132,6.07932112822911,1.0570192694181044,26.99045157390832,8.728338003166506,3.325588387342669,2.0559932833576577,0.918175282661264,2.0,29.437256998340928
237,0.01859504132231405,0.026859504132231406,0.3534089419957318,0.08072968125571572,7406.0,8014.0,7413.0,8017.0,7409.111111111111,8015.111111111111,0.15386988642211535,0.1870522079599587,0.38246425283514074,0.2764892059226463,0.06725413117037345,4.37768286085869,0.6923076923076923,2.0,79.28269793529098
238,0.1322314049586777,0.18801652892561985,1.3409938889221031,0.14446299962967682,7416.0,8092.0,7445.0,8098.0,7429.984375,8095.046875,0.4103196971256409,0.1834053297868935,2.3951085525193236,1.2928602412116266,0.1022781896632189,9.282611411639445,0.7032967032967032,2.0,79.491648663006
239,0.026859504132231406,0.03512396694214876,0.2791574155176396,0.14642506502555205,7421.0,7430.0,7426.0,7435.0,7422.384615384615,7432.0,0.18492858841491905,0.7159187797616066,0.4090909090909091,0.25712973861329,0.10445895631164906,1.9064865395069142,0.7647058823529411,2.0,48.98087544550405
240,0.3615702479338843,0.39669421487603307,1.3687421337184116,0.3418822067637662,7432.0,2875.0,7451.0,2899.0,7441.36,2885.6457142857143,0.678502422891119,0.9405686596604635,2.966128817997229,1.3000317860068265,0.2781241595980375,4.003548902631792,0.9114583333333334,2.0,36.10938545917871
241,4.911157024793388,5.696280991735537,3.2345101201874966,2.259155205302622,7458.0,6878.0,7537.0,6937.0,7488.981909970551,6907.730753050063,2.5006157910344466,-0.14361475514395833,12.248040461056464,3.6963797343476315,1.3286397442226403,1.43173435476923,0.8621690243017772,2.0,81.77148065444646
242,40.08471074380165,133.34710743801654,17.19322414074632,12.171958018345107,7482.0,3015.0,7823.0,3401.0,7641.025204886346,3180.0681408174837,7.144049192039393,-1.5074639112438895,94.72424071540863,17.930075384832744,2.2356130626037283,1.4125273940998937,0.3006042764177254,1.0,3.628680117441405
243,0.010330578512396695,0.010330578512396695,0.14083575804390605,0.08131156281817417,7493.0,8104.0,7496.0,8106.0,7493.8,8104.6,0.11468784191000729,0.3217505543966422,0.2366866718721158,0.10163945352271772,0.10163945352271771,1.732050807568877,1.0,2.0,71.56505117707799
244,102.32644628099173,240.72314049586777,34.250916502364426,9.890226957166433,7519.0,6700.0,8092.0,7074.0,7814.930581916569,6888.3138755401205,11.414292701572752,0.42297831948819214,157.02009532632232,26.450991638834374,3.8685296822959105,3.4631072320889764,0.4250793923268389,1.0,65.76512746779045
245,0.047520661157024795,0.08264462809917356,0.46947050693857995,0.2453222080711334,7528.0,8066.0,7535.0,8075.0,7530.826086956522,8070.217391304348,0.24597801726390953,0.9151717477891447,0.9655745766872402,0.42881732418439106,0.11081796018248309,1.913689390902811,0.575,2.0,37.56452132207098
246,0.0371900826446281,0.0640495867768595,0.6281823466349045,0.09761851167544755,7546.0,8019.0,7558.0,8023.0,7551.722222222223,8020.555555555556,0.21760488021896326,0.1589900745690601,0.9311491533744806,0.5081972676135886,0.07318040653635674,6.435074002392328,0.5806451612903226,2.0,80.89053974272261
247,0.047520661157024795,0.06611570247933884,0.6970647245100102,0.09633864803347959,7551.0,8110.0,7565.0,8114.0,7557.782608695652,8111.869565217391,0.24597801726390953,0.15743391848797672,1.018827889198777,0.6064392756421061,0.0783601311222946,7.235566812892853,0.71875,2.0,80.97970091843231
248,0.02066115702479339,0.02066115702479339,0.25712973861329,0.09090909090909091,7576.0,8034.0,7581.0,8036.0,7578.0,8034.5,0.16219310146843374,0.0,0.45454545454545453,0.18741389207353001,0.11024346592560591,2.8284271247461903,1.0,2.0,90.0
249,0.012396694214876033,0.014462809917355372,0.19833355515623463,0.07522771783632091,7580.0,8148.0,7584.0,8150.0,7581.833333333333,8148.333333333333,0.12563423617139471,0.22572654577627715,0.22727272727272727,0.14373989364401726,0.08624393618641034,2.636442535552722,0.8571428571428571,2.0,77.06682160295274
250,0.1590909090909091,0.19421487603305784,0.54465712656342,0.4050044999531739,7581.0,4984.0,7591.0,4998.0,7585.662337662337,4990.363636363636,0.4500675912153776,-1.054973432705856,1.6444395240756222,0.597861201725723,0.26610007244439693,1.3448174690068693,0.8191489361702128,2.0,29.554474807525686
251,0.1115702479338843,0.15702479338842976,0.9310686109712865,0.17360843739403317,7586.0,8114.0,7606.0,8120.0,7595.648148148148,8116.018518518518,0.37690270851418417,0.20335496687710572,1.7964006945532411,0.89304012292675,0.12493307419182514,5.363037793250058,0.7105263157894737,2.0,78.34861865491919
252,248.73760330578511,989.2623966942149,81.2173687858565,14.575079485407276,7590.0,3220.0,9216.0,3883.0,8517.518859696484,3557.153793120634,17.796138704549744,0.2732233293367862,503.94191886983714,75.86670019413727,3.2786137089036957,5.5723448278393395,0.2514374387796233,1.0,74.34545636448922
253,0.026859504132231406,0.030991735537190084,0.29780509845804615,0.1331284897324007,7604.0,8037.0,7610.0,8041.0,7606.307692307692,8038.384615384615,0.18492858841491905,-0.48680983435110947,0.4201200312326947,0.2447802185061138,0.10972906346825792,2.23697496348572,0.8666666666666667,2.0,62.1078510662187
254,0.010330578512396695,0.010330578512396695,0.18181818181818182,0.06298366572977736,7609.0,8179.0,7612.0,8182.0,7609.8,8180.2,0.11468784191000729,0.7853981633974483,0.2461006164715043,0.128564869306645,0.08035304331665312,2.8867513459481287,1.0,2.0,45.0
255,0.014462809917355372,0.01652892561983471,0.16282136797353042,0.11233389336523505,7614.0,8100.0,7617.0,8103.0,7614.857142857143,8101.285714285715,0.13570048457822378,0.53184891120128,0.28214121732666125,0.128564869306645,0.11249426064331437,1.4494411534739893,0.875,2.0,59.52730204953856
256,0.01859504132231405,0.02066115702479339,0.2993826169555243,0.07661923910927695,7617.0,8168.0,7623.0,8170.0,7620.0,8168.333333333333,0.15386988642211535,0.1331260245754627,0.36363636363636365,0.23177361425421747,0.0802293280110753,3.907407857816686,0.9,2.0,82.37244064847111
257,0.010330578512396695,0.012396694214876033,0.15162007676708103,0.09352480692964357,7619.0,8182.0,7622.0,8185.0,7620.0,8183.2,0.11468784191000729,0.9756513519536308,0.2555145610708928,0.10163945352271772,0.10163945352271771,1.6211749774703208,0.8333333333333334,2.0,34.099295256824085
258,0.010330578512396695,0.010330578512396695,0.14083575804390605,0.08131156281817417,7635.0,8123.0,7638.0,8125.0,7636.2,8123.6,0.11468784191000729,-0.3217505543966422,0.2366866718721158,0.10163945352271772,0.10163945352271771,1.732050807568877,1.0,2.0,71.56505117707799
259,0.045454545454545456,0.05785123966942149,0.5264052383292847,0.12256581872255318,7640.0,8030.0,7652.0,8033.0,7645.863636363636,8030.909090909091,0.24057124674551034,0.10235219990139123,0.7649285056702815,0.5020618644176028,0.09053574604251853,4.294877999557812,0.7857142857142857,2.0,84.13565092177096
260,0.08471074380165289,0.09504132231404959,0.5182967157731464,0.2119354352977003,7666.0,8106.0,7677.0,8111.0,7671.195121951219,8107.804878048781,0.3284159997201621,-0.17833591077395114,1.1584218806472075,0.4745593867686614,0.17850398951848728,2.4455406196944285,0.8913043478260869,2.0,79.78210497703097
261,0.014462809917355372,0.01859504132231405,0.30910614417411886,0.06558654875899847,7667.0,8092.0,7673.0,8094.0,7669.714285714285,8092.428571428572,0.13570048457822378,0.20535848155733602,0.31038305112482684,0.23177361425421747,0.06240058845305856,4.712950292749007,0.7777777777777778,2.0,78.23382571954949
262,0.09090909090909091,0.12603305785123967,0.8982910675159047,0.1488828940893199,7682.0,8093.0,7701.0,8098.0,7690.522727272727,8094.818181818182,0.34021911986450504,0.18944913260167667,1.5126442996841831,0.8294676177679391,0.10959932487023819,6.033541146620843,0.7213114754098361,2.0,79.14536426950964
263,0.014462809917355372,0.01859504132231405,0.28932339393535284,0.06321769539177713,7683.0,8198.0,7689.0,8200.0,7685.428571428572,8198.857142857143,0.13570048457822378,0.025401852029110824,0.2366866718721158,0.22727272727272727,0.06363636363636364,4.576620393108886,0.7777777777777778,2.0,88.54458108691612
264,0.04132231404958678,0.05991735537190083,0.581056724279515,0.10353835331690461,7689.0,8128.0,7701.0,8131.0,7694.3,8128.65,0.22937568382001458,0.10234192185452996,0.8386248849229923,0.5081972676135886,0.08131156281817416,5.61199503048931,0.6896551724137931,2.0,84.13623981047775
265,0.14256198347107438,0.16115702479338842,0.47913802684541107,0.3937150719506935,7699.0,12262.0,7708.0,12273.0,7703.434782608696,12266.942028985508,0.42604642344614574,1.4755137693528915,1.3967237300617208,0.4745593867686614,0.3004091530920884,1.216966433292692,0.8846153846153847,2.0,5.459288402639729
266,0.024793388429752067,0.0371900826446281,0.3709992256620829,0.10971863461688586,7705.0,8111.0,7713.0,8114.0,7708.833333333333,8112.333333333333,0.1776736406919709,0.0807714619053124,0.36363636363636365,0.32141217326661253,0.077138921583987,3.3813693267103924,0.6666666666666666,2.0,85.37213612772389
267,1.9008264462809918,2.3512396694214877,1.8336775584909406,1.5753350172012255,7762.0,11867.0,7799.0,11905.0,7779.665217391304,11885.108695652174,1.5557015777723462,0.9540264880741988,13.779512649939425,1.9177293736117262,0.9911859683835887,1.1639921276863965,0.8084358523725835,2.0,35.338308689660444
268,0.01859504132231405,0.022727272727272728,0.30698006844152537,0.07310891135072058,7796.0,8226.0,7802.0,8229.0,7798.444444444444,8226.888888888889,0.15386988642211535,0.38620594023863797,0.42791879828968615,0.2447802185061138,0.07596627470879395,4.19894186317274,0.8181818181818182,2.0,67.87202960144435
269,0.01859504132231405,0.022727272727272728,0.21955201030491914,0.12102745262321633,7810.0,8180.0,7815.0,8183.0,7812.111111111111,8181.444444444444,0.15386988642211535,-0.16087527719832106,0.3918781974345292,0.18741389207353001,0.09921911933304532,1.8140678461475206,0.8181818181818182,2.0,80.782525588539
270,0.022727272727272728,0.03512396694214876,0.4487750519540952,0.08874838290051718,7848.0,8234.0,7857.0,8237.0,7852.090909090909,8234.545454545454,0.17010955993225252,0.18186383433235045,0.43733274288907464,0.36646626128629767,0.06201736729460424,5.056712441252606,0.6470588235294118,2.0,79.57996984668992
271,0.045454545454545456,0.05578512396694215,0.6039409021626647,0.09558740587434232,7864.0,8152.0,7876.0,8156.0,7869.5,8153.409090909091,0.24057124674551034,0.27327315471812297,1.018827889198777,0.5182615568632445,0.08770580193070293,6.318205799586148,0.8148148148148148,2.0,74.34260158042599
272,0.05991735537190083,0.08264462809917356,0.5487605589042424,0.1873517630609795,7872.0,8140.0,7884.0,8144.0,7877.724137931034,8141.448275862069,0.27620489907938633,-0.04038040493553278,1.0753115567951081,0.5081972676135886,0.11790176608635254,2.9290386700317894,0.725,2.0,87.68637322216473
273,0.030991735537190084,0.049586776859504134,0.41498038648160124,0.15706415390127434,7877.0,8170.0,7885.0,8174.0,7880.533333333334,8171.4,0.19864516919855985,-0.07799031521351206,0.6912321264175704,0.3309140858763872,0.09365492996501525,2.642107547610418,0.625,2.0,85.53148409537083
274,0.022727272727272728,0.024793388429752067,0.22907548034483038,0.13821806838125264,7928.0,8139.0,7933.0,8142.0,7929.727272727273,8140.181818181818,0.17010955993225252,0.34632092160465233,0.46557457668724017,0.20327890704543544,0.11180339887498948,1.657348297712872,0.9166666666666666,2.0,70.15727283497237
275,0.012396694214876033,0.014462809917355372,0.19833355515623463,0.07522771783632091,7943.0,8162.0,7947.0,8164.0,7944.833333333333,8162.333333333333,0.12563423617139471,0.22572654577627715,0.22727272727272727,0.14373989364401726,0.08624393618641034,2.636442535552722,0.8571428571428571,2.0,77.06682160295274
276,0.014462809917355372,0.01652892561983471,0.16282136797353045,0.11233389336523508,7990.0,8134.0,7993.0,8137.0,7991.142857142857,8134.714285714285,0.13570048457822378,0.5318489112012798,0.28214121732666125,0.128564869306645,0.11249426064331437,1.4494411534739893,0.875,2.0,59.52730204953858
277,0.05165289256198347,0.06611570247933884,0.5378865640979583,0.12638794219184052,8004.0,8183.0,8015.0,8188.0,8008.92,8185.28,0.25644981070352557,0.2723667686779013,0.9123212641757035,0.46354722850843494,0.11142962223760458,4.255837659588731,0.78125,2.0,74.39453367514027
278,0.01859504132231405,0.026859504132231406,0.32584837769332964,0.12094145007607425,8021.0,8187.0,8028.0,8190.0,8023.888888888889,8187.333333333333,0.15386988642211535,-0.026760134229657572,0.29155516192604974,0.2727272727272727,0.06818181818181819,2.694265510198244,0.6923076923076923,2.0,88.46675724943705
279,0.01859504132231405,0.024793388429752067,0.32820636335309855,0.08096071098086356,8022.0,8151.0,8029.0,8153.0,8025.111111111111,8151.555555555556,0.15386988642211535,0.1264031459508782,0.3464236519799837,0.2764892059226463,0.06725413117037345,4.053896752841952,0.75,2.0,82.75763321983851
280,0.024793388429752067,0.030991735537190084,0.33343342746769333,0.10017120673760357,8024.0,8172.0,8031.0,8175.0,8027.0,8173.0,0.1776736406919709,0.25619473015536887,0.5642824346533225,0.2764892059226463,0.08967217489383127,3.328635426556409,0.8,2.0,75.32112322860436
281,0.06611570247933884,0.09297520661157024,0.5254187307109567,0.19744750945082873,8027.0,8187.0,8040.0,8192.0,8032.25,8189.03125,0.29013984029195106,-0.151552097559785,1.0580988451387283,0.5529784118452926,0.11956289985844168,2.6610552453780336,0.7111111111111111,2.0,81.31670443346943
282,0.012396694214876033,0.012396694214876033,0.17407765595569782,0.0857099128710967,8060.0,8190.0,8064.0,8192.0,8061.5,8190.333333333333,0.12563423617139471,0.0,0.29155516192604974,0.13636363636363635,0.09090909090909091,2.0310096011589893,1.0,2.0,90.0
283,0.026859504132231406,0.03925619834710744,0.3205757218330288,0.12712681699451014,8084.0,8220.0,8091.0,8224.0,8087.153846153846,8221.615384615385,0.18492858841491905,0.3815188367877571,0.41070608663330627,0.2874797872880345,0.09343093086861119,2.5217002156741843,0.6842105263157895,2.0,68.14058084732103
284,0.53099173553719,0.6157024793388429,1.539742536704374,0.4553426684558057,8115.0,8012.0,8141.0,8037.0,8127.79766536965,8024.809338521401,0.8222406433724289,0.7688719012819136,3.6041076319032626,1.4495653381001796,0.36631100480997647,3.381502862286268,0.8624161073825504,2.0,45.94688507034708
285,0.0743801652892562,0.08677685950413223,0.813050629243926,0.11867545901643455,8136.0,8185.0,8152.0,8188.0,8143.777777777777,8185.833333333333,0.3077397728442307,0.07216403888040465,1.310383051124827,0.6878520886555253,0.10813395280174197,6.851042633265335,0.8571428571428571,2.0,85.86530513953484
286,0.022727272727272728,0.028925619834710745,0.2027162133759698,0.15644624811594254,8139.0,8199.0,8144.0,8203.0,8141.181818181818,8200.272727272728,0.17010955993225252,0.08257433870731345,0.4655745766872403,0.18741389207353001,0.1212678125181665,1.2957563113033974,0.7857142857142857,2.0,85.26883889598719
287,0.04338842975206612,0.05371900826446281,0.30988696003369753,0.21504945065105308,8142.0,9158.0,8148.0,9164.0,8144.428571428572,9160.190476190477,0.2350401339012005,0.9148264212637717,0.6850485369029761,0.26504326794751365,0.16370319490875845,1.4410032627171467,0.8076923076923077,2.0,37.58430707452877
288,0.049586776859504134,0.07024793388429752,0.828366472745597,0.08828530145323817,8156.0,8187.0,8173.0,8190.0,8164.75,8187.833333333333,0.25126847234278943,0.1251567389567391,1.0831103238520996,0.7329325225725953,0.0676553097759319,9.382835637530848,0.7058823529411765,2.0,82.82904708015828
289,0.024793388429752067,0.028925619834710745,0.2666949020589735,0.12601689224573576,8171.0,8204.0,8177.0,8207.0,8173.333333333333,8205.083333333334,0.1776736406919709,0.24204542862726738,0.43733274288907464,0.23177361425421747,0.1069724373481004,2.1163424784267213,0.8571428571428571,2.0,76.13181848922258
290,0.11983471074380166,0.13636363636363635,0.54794497267999,0.293667028085703,8185.0,896.0,8196.0,906.0,8189.706896551724,900.5862068965517,0.3906127142719601,0.7401285015829538,1.4077528522035065,0.5300865358950273,0.22606631677876166,1.8658716174295167,0.8787878787878789,2.0,47.59376056195507
291,0.33264462809917356,0.4793388429752066,1.0756847404942582,0.5308911337211272,8429.0,8261.0,8447.0,8283.0,8438.621118012423,8272.52795031056,0.6507966616690571,0.9798412834182271,3.022335364938566,1.0775699628299724,0.3086988683552057,2.02618705073215,0.6939655172413793,2.0,33.85922986745366
292,0.7024793388429752,2.5144628099173554,3.215523586463168,1.2582992199926364,8435.0,8226.0,8489.0,8265.0,8456.758823529412,8236.517647058823,0.9457401723381998,-0.40224639909653703,7.990079360478192,2.6273356393851683,0.26737327668092103,2.555452260776245,0.27937551355792933,1.0,66.9529790074335
293,0.28512396694214875,0.36363636363636365,1.4667201945599628,0.272931841396376,8452.0,8278.0,8481.0,8289.0,8464.717391304348,8283.58695652174,0.6025206302380899,0.22736279123986428,3.047346843651937,1.336858288168431,0.21327912574247807,5.373943131940625,0.7840909090909091,2.0,76.97307164364177
294,0.01652892561983471,0.01652892561983471,0.20327890704543544,0.09090909090909091,8452.0,8286.0,8456.0,8288.0,8453.5,8286.5,0.14506992014597553,0.0,0.36363636363636365,0.14373989364401726,0.11499191491521378,2.23606797749979,1.0,2.0,90.0
295,0.2066115702479339,0.3037190082644628,1.4063367060772494,0.23568899114033812,8487.0,8249.0,8497.0,8278.0,8492.16,8263.19,0.5128996214070511,-1.3481941830472677,3.037932899052549,1.3236563435055488,0.15609154994169208,5.966917246634839,0.6802721088435375,2.0,12.754163347303603
296,4.136363636363637,5.367768595041323,3.153281075739602,2.2068148699507946,8511.0,8644.0,8576.0,8715.0,8534.636363636364,8682.893606393607,2.294903430042911,0.8236231881954289,15.59501835434644,3.556509571276101,1.1630402093588295,1.4288833733524329,0.7705927636643572,2.0,42.8098674072928
297,0.12603305785123967,0.1756198347107438,0.6147168959749086,0.31235602981147026,8635.0,1280.0,8648.0,1291.0,8642.245901639344,1285.0,0.4005874101867067,0.6349370024347349,1.660037058189605,0.6098367211363063,0.20666688882952602,1.9680007341172037,0.7176470588235294,2.0,53.620789503802015
298,4.621900826446281,5.884297520661157,6.023160635481488,1.158133340401762,8636.0,6815.0,8751.0,6875.0,8695.995082700045,6841.78587393831,2.4258579727748977,-0.39167292398684117,19.857547866896912,5.604934366805587,0.8246128364711673,5.20074884761717,0.7854634831460675,2.0,67.5587945060057
299,0.012396694214876033,0.012396694214876033,0.1484539238050411,0.09090909090909091,8751.0,3624.0,8754.0,3626.0,8752.0,3624.5,0.12563423617139471,0.0,0.2727272727272727,0.10163945352271772,0.12196734422726126,1.632993161855452,1.0,2.0,90.0
300,0.022727272727272728,0.028925619834710745,0.22641055968947474,0.1500123716248978,8779.0,2646.0,8784.0,2650.0,8781.0,2647.3636363636365,0.17010955993225252,-0.3388541462823138,0.4577758096302489,0.18741389207353001,0.1212678125181665,1.5092792496848773,0.7857142857142857,2.0,70.5850875475148
301,0.028925619834710745,0.04338842975206612,0.5262000740165859,0.07720430824573755,8786.0,3629.0,8796.0,3633.0,8789.785714285714,3630.4285714285716,0.1919094657111251,0.24783504249743693,0.6003230355084794,0.4312196809320517,0.06707861703387472,6.8156827769470665,0.6666666666666666,2.0,75.80009804945146
302,0.012396694214876033,0.014462809917355372,0.17407765595569782,0.0857099128710967,8797.0,3629.0,8800.0,3632.0,8798.166666666666,3630.0,0.12563423617139471,0.9272952180016122,0.28214121732666125,0.128564869306645,0.09642365197998375,2.0310096011589893,0.8571428571428571,2.0,36.86989764584402
303,37.111570247933884,46.739669421487605,11.673284584061424,4.848829421717375,8913.0,4163.0,9079.0,4438.0,9006.062576550496,4279.419775080726,6.874003113680292,1.2377685344328477,48.19280791524282,12.78978156172709,2.901657864039584,2.407443852691139,0.7940058350278489,2.0,19.081086962904507
304,7.204545454545454,17.113636363636363,15.506137087153375,1.4211953517111662,8970.0,6191.0,9216.0,6380.0,9088.175222254087,6303.124462288501,3.0287146076461613,-0.6469186103654899,35.76539581187556,13.872873226921952,0.5193261220440032,10.910630314462733,0.42098273572377154,1.0,52.934293937589274
305,0.6694214876033058,0.7355371900826446,1.400287305724491,0.6188588542321962,9027.0,436.0,9057.0,452.0,9041.543209876543,443.7716049382716,0.9232193185326921,0.30261583363435013,3.8437475382051787,1.4445680529155185,0.4634059892521069,2.2626925285924764,0.9101123595505618,2.0,72.66138991891867
306,0.026859504132231406,0.03512396694214876,0.2952516225722086,0.14010270514500614,9058.0,4232.0,9064.0,4236.0,9060.307692307691,4233.461538461538,0.18492858841491905,0.24089016822186973,0.556483667596331,0.23177361425421747,0.11588680712710876,2.107394159638984,0.7647058823529411,2.0,76.19801003469044
307,0.030991735537190084,0.04132231404958678,0.24519784938858982,0.22376517182254962,9065.0,4355.0,9070.0,4361.0,9067.2,4357.6,0.19864516919855985,0.9185241879729115,0.6191509247072564,0.23177361425421747,0.1337155466851255,1.0957820083951078,0.75,2.0,37.372440648471084
308,0.01652892561983471,0.02066115702479339,0.15745916432444337,0.15075567228888181,9066.0,4327.0,9069.0,4331.0,9066.75,4328.5,0.14506992014597553,1.5707963267948966,0.29155516192604974,0.14373989364401726,0.11499191491521378,1.044465935734187,0.8,2.0,0.0
309,24.5599173553719,29.15702479338843,8.238283687665621,4.485617538824188,9075.0,4388.0,9216.0,4544.0,9156.790190964919,4479.289139395979,5.592017345492317,-0.5880302257779414,28.481544324231354,9.061885487857442,2.7102436229503444,1.8365996691338773,0.8423327664399093,2.0,56.30834983679905
310,0.04338842975206612,0.06818181818181818,0.4041923126270625,0.19678347884746594,9086.0,381.0,9095.0,386.0,9090.857142857143,383.23809523809524,0.2350401339012005,0.12394790385546955,0.7665436832126786,0.37482778414706003,0.1157556392218862,2.053995157491685,0.6363636363636365,2.0,82.8983082295883
311,0.3925619834710744,0.4834710743801653,1.2564533648785945,0.44343445424328914,9099.0,377.0,9124.0,395.0,9111.910526315789,384.6684210526316,0.7069833386403411,0.5377508768546362,3.307706937350021,1.262949453586346,0.31082952873239084,2.83345904418434,0.811965811965812,2.0,59.18914432677008
312,0.01652892561983471,0.024793388429752067,0.15745916432444337,0.15745916432444337,9132.0,1429.0,9136.0,1433.0,9133.5,1430.5,0.14506992014597553,-0.7853981633974483,0.4012921420339177,0.14373989364401726,0.11499191491521378,1.0,0.6666666666666666,2.0,45.0
313,0.010330578512396695,0.012396694214876033,0.1973497932319477,0.05802679293295773,9142.0,4382.0,9146.0,4384.0,9143.4,4382.6,0.11468784191000729,0.3664075508932532,0.19123212641757037,0.14373989364401726,0.07186994682200862,3.4010115544376065,0.8333333333333334,2.0,69.00639375209167
314,4.613636363636363,4.93801652892562,4.083309293369013,1.477656501317098,9145.0,4568.0,9216.0,4632.0,9180.800268696821,4600.750111957009,2.42368815304485,-0.6412942047900309,12.022382911326135,4.074715423820904,1.1322597736923938,2.7633684078332053,0.9343096234309622,2.0,53.256548639332934
315,0.01652892561983471,0.01652892561983471,0.20490426880698012,0.09565879081945618,9149.0,4360.0,9152.0,4364.0,9150.125,4361.25,0.14506992014597553,0.9537355730908119,0.3746654857781493,0.16388869433927222,0.10085458113185986,2.142032813207005,1.0,2.0,35.35497689040563
316,0.012396694214876033,0.012396694214876033,0.14213381090374025,0.10497277621629558,9175.0,4403.0,9178.0,4406.0,9175.833333333334,4404.166666666667,0.12563423617139471,-0.7853981633974484,0.28375639486905846,0.10163945352271772,0.12196734422726126,1.3540064007726598,1.0,2.0,44.99999999999999
317,1.8078512396694215,1.9731404958677685,2.5621806219009917,0.9280771331574091,9179.0,4632.0,9216.0,4682.0,9198.379428571428,4657.890285714286,1.5171775404828514,-0.9463458801934957,8.09390987172646,2.584521631969,0.6994916263448422,2.7607410314961673,0.9162303664921466,2.0,35.77837510531965
318,0.5950413223140496,0.6384297520661157,1.161765564741803,0.7451538559482888,9200.0,1166.0,9216.0,1194.0,9209.354166666666,1179.2118055555557,0.8704195208758531,1.4887380786359812,3.55999114333612,1.2406676421778347,0.4796137999291495,1.5590948841878176,0.9320388349514562,2.0,4.701591293743007
319,0.2830578512396694,0.32644628099173556,0.9299208032887154,0.42505388145749196,9206.0,4699.0,9216.0,4721.0,9211.83211678832,4710.109489051095,0.6003336152891241,-1.5232887400682555,2.388924963004729,0.9588646868058631,0.29520103840989487,2.187771583452093,0.8670886075949367,2.0,2.7219842142882555
